patient_id,timestamp,heart_rate,spo2,systolic_bp,diastolic_bp,respiratory_rate,temperature
PATIENT-1003,1790737014.36,66.5,98.3,131.0,79.3,18.0,36.99
PATIENT-1005,1790737016.36,69.6,85.5,135.1,67.0,24.4,36.86
PATIENT-1005,1790737018.36,82.2,95.9,118.8,70.0,15.8,37.13
PATIENT-1001,1790737020.36,71.2,98.8,118.0,76.3,20.0,36.83
PATIENT-1003,1790737022.36,79.0,96.9,129.7,85.1,15.3,37.09
PATIENT-1001,1790737024.36,73.6,98.6,114.8,82.6,15.9,37.36
PATIENT-1001,1790737026.36,73.9,97.5,217.4,118.6,18.1,37.17
PATIENT-1002,1790737028.36,75.1,96.9,116.7,73.2,17.9,37.15
PATIENT-1004,1790737030.36,84.3,98.6,115.1,80.0,15.2,36.65
PATIENT-1001,1790737032.36,72.3,97.9,206.1,124.4,17.4,36.77
PATIENT-1005,1790737034.36,70.2,97.8,110.6,73.4,14.7,36.68
PATIENT-1002,1790737036.36,80.0,96.7,113.2,77.3,13.6,37.17
PATIENT-1005,1790737038.36,73.8,97.8,115.3,78.6,12.0,37.24
PATIENT-1004,1790737040.36,77.6,96.6,123.0,74.7,17.4,37.01
PATIENT-1004,1790737042.36,85.1,98.3,125.8,76.0,19.2,37.12
PATIENT-1002,1790737044.36,70.1,97.1,124.4,85.2,17.4,37.33
PATIENT-1005,1790737046.36,79.6,98.9,124.6,77.8,15.6,36.74
PATIENT-1001,1790737048.36,80.7,99.6,112.2,72.7,13.6,36.97
PATIENT-1003,1790737050.36,77.2,96.9,121.6,71.7,17.8,36.97
PATIENT-1003,1790737052.36,68.7,96.7,108.0,71.7,13.4,36.93
PATIENT-1004,1790737054.36,72.3,98.6,116.8,80.3,16.7,36.93
PATIENT-1002,1790737056.36,68.9,98.8,111.6,67.9,19.2,36.98
PATIENT-1005,1790737058.36,63.1,97.4,115.6,79.8,14.5,36.97
PATIENT-1003,1790737060.36,75.3,97.0,122.9,70.1,13.7,36.9
PATIENT-1002,1790737062.36,61.9,98.2,107.1,75.4,17.4,37.22
PATIENT-1002,1790737064.36,73.4,97.5,120.6,85.4,19.5,37.02
PATIENT-1002,1790737066.36,124.8,96.1,119.7,81.2,17.8,39.46
PATIENT-1004,1790737068.36,81.2,98.1,123.2,83.3,19.9,36.69
PATIENT-1002,1790737070.36,122.9,97.3,123.3,79.2,15.8,39.26
PATIENT-1002,1790737072.36,67.7,97.7,114.4,75.0,16.0,37.1
PATIENT-1001,1790737074.36,70.3,99.4,130.3,80.4,16.8,36.88
PATIENT-1005,1790737076.36,75.7,97.5,130.5,77.9,15.1,37.02
PATIENT-1004,1790737078.36,75.7,97.5,114.2,80.7,16.2,36.65
PATIENT-1005,1790737080.36,81.8,98.0,114.9,77.7,16.7,36.93
PATIENT-1004,1790737082.36,75.0,96.9,106.8,86.4,15.9,37.5
PATIENT-1001,1790737084.36,79.7,98.1,127.9,75.1,14.3,37.05
PATIENT-1001,1790737086.36,68.7,98.0,115.6,82.6,17.5,37.12
PATIENT-1005,1790737088.36,80.2,99.1,120.8,81.7,13.4,37.02
PATIENT-1001,1790737090.36,80.6,98.1,209.6,110.7,13.3,37.06
PATIENT-1003,1790737092.36,74.3,96.5,118.4,82.2,19.5,37.03
PATIENT-1005,1790737094.36,60.5,97.5,131.3,75.7,13.5,37.39
PATIENT-1003,1790737096.36,77.0,98.9,118.5,80.5,18.9,37.11
PATIENT-1005,1790737098.36,79.4,98.2,122.7,78.5,15.3,36.94
PATIENT-1003,1790737100.36,82.7,97.0,112.7,80.1,16.0,37.13
PATIENT-1001,1790737102.36,76.0,97.1,130.8,76.7,15.7,36.61
PATIENT-1004,1790737104.36,67.9,99.4,116.3,72.7,13.4,37.25
PATIENT-1005,1790737106.36,70.7,97.5,128.9,74.5,14.2,36.84
PATIENT-1002,1790737108.36,80.0,97.8,131.5,84.5,16.2,36.85
PATIENT-1003,1790737110.36,77.6,98.1,130.0,73.4,16.3,37.22
PATIENT-1001,1790737112.36,64.4,99.6,123.7,75.5,17.0,37.04
PATIENT-1005,1790737114.36,72.8,97.8,128.0,81.5,14.1,37.13
PATIENT-1003,1790737116.36,71.6,97.5,113.2,79.3,16.3,37.16
PATIENT-1003,1790737118.36,76.3,97.1,123.8,74.1,14.3,36.91
PATIENT-1004,1790737120.36,76.5,99.3,120.5,81.0,15.1,36.93
PATIENT-1002,1790737122.36,77.0,99.4,113.8,84.0,16.1,36.57
PATIENT-1001,1790737124.36,72.7,99.2,100.0,83.9,15.2,37.05
PATIENT-1005,1790737126.36,83.6,95.4,130.9,73.7,20.0,37.19
PATIENT-1002,1790737128.36,74.4,99.0,127.5,67.4,14.7,36.88
PATIENT-1004,1790737130.36,75.2,83.7,122.4,77.3,31.3,37.28
PATIENT-1004,1790737132.36,67.5,97.7,113.2,80.3,17.0,36.88
PATIENT-1002,1790737134.36,71.2,100.0,130.8,88.0,17.5,36.99
PATIENT-1001,1790737136.36,79.3,98.2,119.2,68.7,14.1,37.16
PATIENT-1005,1790737138.36,69.3,99.3,118.0,73.2,14.4,37.22
PATIENT-1002,1790737140.36,72.0,99.1,115.4,84.7,15.6,37.23
PATIENT-1004,1790737142.36,93.6,96.9,113.2,79.8,15.9,37.3
PATIENT-1003,1790737144.36,77.9,99.5,113.6,73.3,15.5,37.32
PATIENT-1003,1790737146.36,59.6,98.0,121.0,84.5,15.9,37.21
PATIENT-1001,1790737148.36,66.0,97.5,109.0,71.0,15.5,37.01
PATIENT-1004,1790737150.36,77.7,97.4,110.9,78.6,19.9,36.93
PATIENT-1005,1790737152.36,71.0,77.4,120.0,70.0,26.2,37.15
PATIENT-1001,1790737154.36,75.1,99.1,135.9,78.9,17.4,36.89
PATIENT-1005,1790737156.36,75.1,99.8,119.1,79.8,14.5,37.4
PATIENT-1002,1790737158.36,81.1,97.1,131.2,79.2,15.9,36.98
PATIENT-1005,1790737160.36,81.6,98.3,100.0,80.0,14.4,37.21
PATIENT-1002,1790737162.36,73.4,97.0,118.4,80.8,16.4,37.01
PATIENT-1001,1790737164.36,74.9,98.5,128.9,69.1,13.2,36.84
PATIENT-1002,1790737166.36,61.0,99.5,112.5,81.2,16.7,36.79
PATIENT-1001,1790737168.36,74.0,98.0,121.5,80.3,16.7,37.09
PATIENT-1004,1790737170.36,77.1,97.6,108.8,84.5,18.3,37.01
PATIENT-1004,1790737172.36,119.1,100.0,68.0,50.8,15.4,37.27
PATIENT-1002,1790737174.36,84.1,98.0,127.6,80.6,15.7,37.04
PATIENT-1002,1790737176.36,66.6,98.3,116.1,79.1,15.7,37.24
PATIENT-1001,1790737178.36,92.4,97.0,128.3,80.3,19.1,36.88
PATIENT-1004,1790737180.36,76.7,98.1,125.3,76.7,18.0,36.76
PATIENT-1002,1790737182.36,74.2,97.0,122.2,79.7,12.0,36.82
PATIENT-1001,1790737184.36,74.9,96.8,120.9,80.7,14.2,36.58
PATIENT-1003,1790737186.36,82.3,96.2,132.5,87.2,17.1,37.18
PATIENT-1003,1790737188.36,74.2,96.8,127.4,79.6,14.9,36.82
PATIENT-1002,1790737190.36,81.6,97.4,115.1,71.2,17.8,36.89
PATIENT-1002,1790737192.36,78.8,97.3,126.2,75.4,14.4,37.26
PATIENT-1002,1790737194.36,84.8,99.4,132.8,76.3,16.1,37.06
PATIENT-1003,1790737196.36,76.0,97.7,125.2,76.9,12.1,37.15
PATIENT-1002,1790737198.36,71.1,98.4,122.5,74.5,18.4,36.5
PATIENT-1005,1790737200.36,75.6,96.1,106.5,74.5,13.3,36.79
PATIENT-1001,1790737202.36,72.0,99.7,120.6,78.7,16.5,37.15
PATIENT-1003,1790737204.36,74.1,98.6,111.8,74.3,16.3,37.11
PATIENT-1002,1790737206.36,77.6,99.4,101.1,79.8,17.1,36.95
PATIENT-1003,1790737208.36,84.4,97.9,116.7,80.9,16.1,36.96
PATIENT-1002,1790737210.36,68.4,98.4,124.8,76.0,15.1,37.0
PATIENT-1002,1790737212.36,82.4,96.8,119.2,72.7,15.0,37.24
PATIENT-1003,1790737214.36,75.0,98.9,121.6,72.5,17.0,37.23
PATIENT-1002,1790737216.36,75.5,97.0,117.0,76.8,14.7,37.04
PATIENT-1004,1790737218.36,77.1,98.6,122.4,79.8,15.7,36.63
PATIENT-1001,1790737220.36,73.9,97.8,126.9,73.8,15.9,36.76
PATIENT-1002,1790737222.36,81.9,98.3,123.7,74.7,16.3,36.84
PATIENT-1003,1790737224.36,87.6,97.2,114.9,83.5,13.7,36.73
PATIENT-1001,1790737226.36,76.9,99.8,120.0,76.4,19.6,37.06
PATIENT-1005,1790737228.36,65.2,98.3,113.4,77.9,20.0,37.04
PATIENT-1004,1790737230.36,72.5,97.7,107.4,72.6,18.3,37.29
PATIENT-1003,1790737232.36,66.9,98.6,130.4,81.7,18.4,36.65
PATIENT-1003,1790737234.36,85.1,97.7,108.9,83.5,16.1,37.07
PATIENT-1001,1790737236.36,73.5,97.9,108.0,72.7,17.4,37.08
PATIENT-1001,1790737238.36,84.2,97.3,120.6,81.2,15.5,37.11
PATIENT-1001,1790737240.36,79.0,97.5,124.4,77.9,15.3,37.19
PATIENT-1003,1790737242.36,75.6,97.1,121.8,76.6,17.3,37.33
PATIENT-1005,1790737244.36,74.6,98.7,107.3,77.6,16.8,36.92
PATIENT-1004,1790737246.36,62.0,97.1,118.8,79.7,12.7,36.63
PATIENT-1003,1790737248.36,73.7,96.8,113.4,73.1,16.7,37.33
PATIENT-1001,1790737250.36,79.8,96.7,115.3,79.7,12.1,36.96
PATIENT-1004,1790737252.36,121.5,97.4,109.7,81.8,18.1,40.09
PATIENT-1001,1790737254.36,84.7,97.6,131.2,88.0,13.4,37.23
PATIENT-1003,1790737256.36,75.4,97.8,116.5,69.2,13.0,36.91
PATIENT-1003,1790737258.36,72.8,99.8,131.9,66.0,14.8,37.43
PATIENT-1001,1790737260.36,82.5,96.8,119.5,78.9,18.8,37.1
PATIENT-1003,1790737262.36,86.1,100.0,121.5,75.0,13.3,37.15
PATIENT-1003,1790737264.36,74.1,96.8,116.8,72.0,16.0,37.45
PATIENT-1004,1790737266.36,74.2,97.6,126.0,82.9,16.4,37.24
PATIENT-1003,1790737268.36,70.3,98.6,125.0,73.1,17.2,36.89
PATIENT-1003,1790737270.36,78.6,97.4,114.0,72.2,19.9,37.03
PATIENT-1004,1790737272.36,70.0,98.0,117.2,81.8,12.0,36.94
PATIENT-1002,1790737274.36,72.2,97.5,114.4,79.0,16.9,37.5
PATIENT-1001,1790737276.36,86.8,98.8,120.6,74.4,15.4,36.99
PATIENT-1002,1790737278.36,73.9,100.0,126.2,73.1,19.5,36.87
PATIENT-1001,1790737280.36,77.2,98.9,123.6,73.5,15.6,37.03
PATIENT-1004,1790737282.36,71.7,97.0,117.9,78.0,14.5,37.08
PATIENT-1003,1790737284.36,73.9,97.1,124.5,81.1,13.1,36.67
PATIENT-1002,1790737286.36,83.9,97.5,115.2,71.0,16.5,36.8
PATIENT-1004,1790737288.36,83.2,98.2,134.1,77.5,14.5,37.45
PATIENT-1001,1790737290.36,68.2,96.7,109.3,80.1,16.0,36.61
PATIENT-1005,1790737292.36,65.5,99.0,122.3,85.0,18.1,37.06
PATIENT-1001,1790737294.36,75.2,99.2,109.0,81.1,19.9,37.23
PATIENT-1003,1790737296.36,61.0,97.0,114.2,75.1,15.2,36.93
PATIENT-1005,1790737298.36,76.3,97.0,125.6,70.2,17.9,36.94
PATIENT-1001,1790737300.36,115.5,99.1,133.6,79.6,12.8,39.62
PATIENT-1004,1790737302.36,68.1,97.1,112.9,79.4,15.3,36.92
PATIENT-1002,1790737304.36,73.3,99.6,124.4,75.7,12.0,37.2
PATIENT-1001,1790737306.36,77.0,97.2,125.3,80.2,20.0,37.14
PATIENT-1002,1790737308.36,73.3,99.3,115.4,71.0,18.9,37.15
PATIENT-1005,1790737310.36,73.2,98.2,126.9,76.7,16.3,36.74
PATIENT-1002,1790737312.36,78.0,98.2,133.4,88.0,14.8,37.18
PATIENT-1005,1790737314.36,61.8,98.2,138.0,79.4,18.0,36.93
PATIENT-1003,1790737316.36,77.7,97.8,127.6,73.7,16.8,37.11
PATIENT-1002,1790737318.36,72.8,98.2,120.1,74.3,13.2,36.65
PATIENT-1004,1790737320.36,79.7,96.7,118.7,88.0,17.1,36.66
PATIENT-1005,1790737322.36,68.8,98.6,113.3,76.6,15.0,37.16
PATIENT-1005,1790737324.36,77.2,96.7,125.2,78.9,17.5,37.41
PATIENT-1003,1790737326.36,77.6,97.8,124.5,72.4,16.8,37.29
PATIENT-1004,1790737328.36,76.8,97.1,124.7,75.9,17.5,37.15
PATIENT-1003,1790737330.36,91.5,96.3,137.5,78.3,16.3,36.96
PATIENT-1004,1790737332.36,73.6,99.2,116.0,72.9,14.8,36.77
PATIENT-1003,1790737334.36,69.0,99.1,111.3,73.9,17.9,37.01
PATIENT-1003,1790737336.36,71.8,98.1,108.5,79.0,18.6,36.92
PATIENT-1005,1790737338.36,57.2,97.6,138.0,83.8,15.6,37.49
PATIENT-1003,1790737340.36,77.3,98.1,125.6,79.8,18.6,36.82
PATIENT-1003,1790737342.36,71.3,97.9,107.4,83.7,20.0,37.07
PATIENT-1001,1790737344.36,69.3,98.3,110.9,79.3,17.3,37.1
PATIENT-1001,1790737346.36,71.1,98.4,124.3,73.1,16.4,37.19
PATIENT-1004,1790737348.36,75.5,98.6,108.7,75.0,17.6,37.08
PATIENT-1005,1790737350.36,80.2,98.3,119.5,86.7,15.7,37.18
PATIENT-1004,1790737352.36,78.3,97.9,129.8,78.9,13.7,37.21
PATIENT-1004,1790737354.36,76.3,97.8,129.8,74.3,15.6,36.99
PATIENT-1003,1790737356.36,79.5,96.3,116.6,76.1,17.3,36.6
PATIENT-1005,1790737358.36,77.8,96.9,118.2,80.8,18.0,37.43
PATIENT-1001,1790737360.36,71.3,99.3,120.0,83.2,17.0,37.19
PATIENT-1004,1790737362.36,76.4,97.8,115.4,77.5,12.4,37.09
PATIENT-1005,1790737364.36,73.8,99.0,106.5,84.5,15.6,36.74
PATIENT-1004,1790737366.36,66.6,96.9,103.7,70.7,14.3,37.05
PATIENT-1004,1790737368.36,71.1,98.1,115.6,77.0,16.4,37.5
PATIENT-1004,1790737370.36,87.4,100.0,100.0,77.1,14.7,36.89
PATIENT-1004,1790737372.36,73.7,96.7,125.9,84.6,16.5,37.44
PATIENT-1002,1790737374.36,72.3,97.8,129.3,74.8,14.2,36.91
PATIENT-1005,1790737376.36,81.8,98.5,122.5,78.6,16.9,36.89
PATIENT-1003,1790737378.36,68.0,97.6,118.0,79.0,15.4,36.59
PATIENT-1005,1790737380.36,69.8,98.3,138.0,80.9,12.0,36.63
PATIENT-1005,1790737382.36,80.4,95.4,115.9,80.1,16.2,36.83
PATIENT-1005,1790737384.36,79.4,97.5,116.4,78.7,15.8,37.38
PATIENT-1003,1790737386.36,72.6,98.3,121.9,74.5,16.2,37.5
PATIENT-1002,1790737388.36,79.6,97.0,132.9,79.4,16.8,37.41
PATIENT-1001,1790737390.36,81.3,97.5,137.4,82.6,17.8,37.0
PATIENT-1005,1790737392.36,72.2,98.4,115.1,79.8,15.8,36.94
PATIENT-1002,1790737394.36,71.1,98.5,111.6,79.5,16.8,36.82
PATIENT-1004,1790737396.36,78.6,98.7,133.1,73.6,17.3,36.85
PATIENT-1005,1790737398.36,71.3,97.8,118.5,77.8,14.0,37.0
PATIENT-1002,1790737400.36,72.1,97.4,111.4,77.2,16.5,36.88
PATIENT-1001,1790737402.36,71.7,97.5,113.7,74.0,15.7,37.13
PATIENT-1003,1790737404.36,74.8,99.6,116.3,83.1,13.5,36.5
PATIENT-1004,1790737406.36,69.2,97.9,114.0,85.0,19.9,37.43
PATIENT-1005,1790737408.36,75.7,97.2,124.2,82.7,15.1,36.86
PATIENT-1001,1790737410.36,78.3,98.7,200.6,120.5,17.3,37.37
PATIENT-1003,1790737412.36,68.7,98.6,117.4,87.5,18.0,37.25
PATIENT-1001,1790737414.36,78.4,97.4,117.1,83.0,18.1,37.43
PATIENT-1003,1790737416.36,75.2,98.9,122.2,74.3,12.0,36.7
PATIENT-1005,1790737418.36,85.7,98.2,126.6,70.9,13.3,37.17
PATIENT-1002,1790737420.36,70.9,96.4,114.0,75.1,12.5,36.89
PATIENT-1001,1790737422.36,84.9,98.0,116.1,75.2,20.0,36.69
PATIENT-1003,1790737424.36,73.8,98.3,123.5,75.0,14.4,37.47
PATIENT-1001,1790737426.36,58.3,98.4,118.4,84.3,16.5,36.73
PATIENT-1005,1790737428.36,69.7,97.6,127.8,79.8,19.0,36.65
PATIENT-1005,1790737430.36,84.1,96.5,121.9,83.2,19.9,37.05
PATIENT-1003,1790737432.36,80.8,96.6,109.6,81.7,17.7,36.96
PATIENT-1005,1790737434.36,72.4,96.6,108.2,81.1,14.6,37.27
PATIENT-1004,1790737436.36,72.1,96.9,121.5,69.9,16.3,37.08
PATIENT-1004,1790737438.36,71.4,99.3,133.0,78.4,13.0,37.5
PATIENT-1005,1790737440.36,79.0,99.5,131.7,79.8,16.1,37.34
PATIENT-1001,1790737442.36,79.6,95.6,128.5,82.1,17.4,36.7
PATIENT-1005,1790737444.36,80.8,98.8,124.4,75.6,15.5,36.91
PATIENT-1004,1790737446.36,90.3,95.3,125.8,74.0,15.8,36.78
PATIENT-1005,1790737448.36,77.3,99.2,117.4,74.8,15.7,37.34
PATIENT-1004,1790737450.36,73.4,98.4,129.7,76.1,15.1,37.03
PATIENT-1002,1790737452.36,69.4,98.7,117.8,77.0,17.9,37.31
PATIENT-1003,1790737454.36,77.1,98.5,118.6,78.9,16.9,36.77
PATIENT-1002,1790737456.36,70.3,98.3,127.9,73.5,16.8,36.9
PATIENT-1005,1790737458.36,124.8,96.1,123.6,80.7,16.2,40.67
PATIENT-1001,1790737460.36,80.5,96.9,123.2,83.6,12.0,37.24
PATIENT-1001,1790737462.36,78.9,98.5,130.1,83.1,17.9,37.4
PATIENT-1002,1790737464.36,93.5,97.8,118.5,77.2,13.7,36.95
PATIENT-1003,1790737466.36,82.6,98.8,195.1,128.4,16.4,36.81
PATIENT-1003,1790737468.36,75.4,97.2,117.4,80.0,16.9,36.92
PATIENT-1001,1790737470.36,71.0,99.1,118.9,76.0,13.4,36.72
PATIENT-1001,1790737472.36,66.1,97.7,123.5,77.5,15.1,36.98
PATIENT-1003,1790737474.36,77.7,98.4,111.2,75.4,17.8,37.19
PATIENT-1004,1790737476.36,80.3,98.7,120.4,69.0,16.4,37.02
PATIENT-1003,1790737478.36,110.8,98.8,128.9,79.6,15.0,40.75
PATIENT-1002,1790737480.36,78.6,99.1,116.7,79.0,15.4,37.07
PATIENT-1005,1790737482.36,77.0,97.1,205.7,120.8,16.4,37.23
PATIENT-1004,1790737484.36,79.9,97.6,114.3,84.7,12.0,36.99
PATIENT-1001,1790737486.36,75.5,98.1,122.2,85.2,19.1,37.0
PATIENT-1001,1790737488.36,74.3,98.8,124.7,78.5,13.6,36.87
PATIENT-1003,1790737490.36,72.6,97.1,134.1,76.7,15.5,37.47
PATIENT-1002,1790737492.36,72.7,100.0,113.5,77.8,15.4,37.13
PATIENT-1002,1790737494.36,68.1,99.4,119.3,81.0,17.0,37.12
PATIENT-1004,1790737496.36,72.5,98.7,103.6,71.7,16.4,37.15
PATIENT-1005,1790737498.36,72.7,97.8,128.5,65.0,17.0,36.71
PATIENT-1002,1790737500.36,79.3,97.0,123.5,81.2,17.0,36.88
PATIENT-1005,1790737502.36,68.2,98.1,129.0,82.6,14.3,37.13
PATIENT-1002,1790737504.36,67.6,99.0,129.8,79.1,15.3,37.09
PATIENT-1003,1790737506.36,69.9,95.8,118.8,82.8,19.4,37.09
PATIENT-1003,1790737508.36,82.8,98.8,110.9,70.6,15.7,37.25
PATIENT-1002,1790737510.36,71.6,96.8,117.5,78.0,15.0,37.36
PATIENT-1001,1790737512.36,88.9,99.0,114.5,79.8,17.0,36.95
PATIENT-1003,1790737514.36,68.9,97.4,126.2,71.4,14.8,37.09
PATIENT-1003,1790737516.36,85.8,99.1,117.8,74.7,14.6,37.19
PATIENT-1005,1790737518.36,72.4,97.6,117.6,81.5,18.1,37.5
PATIENT-1004,1790737520.36,64.9,98.1,131.2,69.3,13.9,37.27
PATIENT-1001,1790737522.36,65.7,99.0,108.8,76.1,18.0,36.56
PATIENT-1002,1790737524.36,66.4,98.6,125.9,82.3,18.2,36.5
PATIENT-1005,1790737526.36,82.5,96.7,115.2,74.1,18.4,37.4
PATIENT-1004,1790737528.36,70.7,97.6,121.9,78.6,14.2,36.96
PATIENT-1003,1790737530.36,73.0,99.9,122.2,76.4,15.4,36.92
PATIENT-1004,1790737532.36,70.2,98.9,117.0,78.8,17.0,37.31
PATIENT-1001,1790737534.36,86.2,97.5,117.9,66.9,17.2,37.37
PATIENT-1005,1790737536.36,78.3,98.3,115.1,82.4,14.5,36.85
PATIENT-1005,1790737538.36,73.4,99.3,126.5,72.5,14.8,36.99
PATIENT-1005,1790737540.36,80.3,97.6,124.5,86.4,15.5,36.96
PATIENT-1003,1790737542.36,72.5,98.2,117.6,75.7,20.0,36.93
PATIENT-1001,1790737544.36,86.5,97.9,136.7,75.9,15.8,37.12
PATIENT-1003,1790737546.36,80.2,97.4,123.6,79.6,16.9,36.92
PATIENT-1003,1790737548.36,69.1,98.2,103.7,85.9,16.9,36.63
PATIENT-1003,1790737550.36,69.7,98.3,126.8,86.8,15.0,37.09
PATIENT-1005,1790737552.36,71.3,99.9,123.8,73.9,17.9,37.41
PATIENT-1004,1790737554.36,76.4,99.0,111.1,78.4,19.5,37.03
PATIENT-1003,1790737556.36,72.0,86.2,121.5,74.4,25.4,36.97
PATIENT-1002,1790737558.36,78.0,98.6,111.6,87.1,19.1,37.17
PATIENT-1001,1790737560.36,73.4,97.9,121.3,74.8,18.4,37.25
PATIENT-1001,1790737562.36,74.4,97.6,105.4,72.9,12.5,37.17
PATIENT-1001,1790737564.36,75.9,98.0,122.4,85.2,14.7,36.95
PATIENT-1001,1790737566.36,67.0,98.2,110.0,79.1,14.4,36.73
PATIENT-1005,1790737568.36,66.4,98.1,107.4,83.2,13.1,36.91
PATIENT-1004,1790737570.36,72.6,98.3,104.3,75.9,12.4,36.81
PATIENT-1002,1790737572.36,78.7,99.3,123.6,79.1,18.6,37.0
PATIENT-1001,1790737574.36,86.4,98.4,107.7,86.6,16.6,37.23
PATIENT-1005,1790737576.36,80.3,97.2,110.2,77.6,20.0,37.07
PATIENT-1005,1790737578.36,124.8,97.6,70.3,50.8,19.4,37.17
PATIENT-1005,1790737580.36,78.8,96.0,135.6,76.0,17.3,37.1
PATIENT-1004,1790737582.36,76.0,98.1,123.2,79.7,18.7,36.68
PATIENT-1004,1790737584.36,67.4,98.0,126.9,75.0,14.5,37.07
PATIENT-1002,1790737586.36,72.3,98.3,122.4,81.8,15.2,36.76
PATIENT-1003,1790737588.36,80.3,96.5,114.2,76.9,14.9,36.88
PATIENT-1001,1790737590.36,69.4,79.7,124.4,75.8,24.1,36.64
PATIENT-1002,1790737592.36,74.6,98.8,125.9,83.8,13.7,37.17
PATIENT-1005,1790737594.36,64.6,96.1,122.8,73.4,16.9,36.97
PATIENT-1003,1790737596.36,79.1,99.0,126.1,78.1,19.3,37.23
PATIENT-1002,1790737598.36,77.6,98.6,133.2,85.6,18.0,36.93
PATIENT-1002,1790737600.36,79.6,98.3,108.6,77.7,14.1,37.5
PATIENT-1003,1790737602.36,77.2,97.2,114.3,72.2,17.2,37.36
PATIENT-1001,1790737604.36,74.4,98.7,119.9,80.5,18.1,37.04
PATIENT-1001,1790737606.36,87.3,96.4,123.2,79.2,13.1,37.15
PATIENT-1005,1790737608.36,71.1,96.6,112.8,75.7,12.0,36.68
PATIENT-1001,1790737610.36,70.2,97.1,106.4,83.9,15.7,36.67
PATIENT-1001,1790737612.36,77.1,98.2,116.0,73.7,18.4,36.74
PATIENT-1002,1790737614.36,153.8,99.9,106.3,80.1,19.2,37.29
PATIENT-1001,1790737616.36,67.8,97.6,109.5,82.9,16.8,37.22
PATIENT-1004,1790737618.36,76.4,98.3,119.8,69.1,15.1,37.33
PATIENT-1004,1790737620.36,85.8,96.7,112.2,65.0,17.2,37.29
PATIENT-1004,1790737622.36,73.7,98.4,121.8,78.3,14.7,37.31
PATIENT-1002,1790737624.36,86.0,96.6,133.0,74.1,17.2,36.92
PATIENT-1003,1790737626.36,71.8,98.3,117.2,80.1,13.9,37.21
PATIENT-1005,1790737628.36,74.9,97.4,120.2,80.3,18.2,36.92
PATIENT-1002,1790737630.36,67.9,98.1,106.6,88.0,16.3,37.23
PATIENT-1003,1790737632.36,71.6,98.3,115.1,76.8,15.1,36.94
PATIENT-1001,1790737634.36,84.8,97.2,138.0,74.5,18.8,36.96
PATIENT-1003,1790737636.36,64.9,83.7,112.8,78.4,32.3,37.03
PATIENT-1001,1790737638.36,72.7,99.2,106.3,73.0,14.3,36.95
PATIENT-1001,1790737640.36,83.4,96.2,104.4,73.4,18.0,36.97
PATIENT-1002,1790737642.36,60.5,97.9,120.1,73.0,15.5,36.9
PATIENT-1004,1790737644.36,75.7,78.1,124.9,81.9,30.2,37.36
PATIENT-1001,1790737646.36,70.0,96.9,126.0,78.8,14.7,36.91
PATIENT-1005,1790737648.36,85.7,97.0,107.6,75.0,15.3,36.92
PATIENT-1001,1790737650.36,72.6,98.9,122.4,73.8,18.7,37.16
PATIENT-1005,1790737652.36,75.4,96.3,110.4,75.3,14.6,36.78
PATIENT-1002,1790737654.36,68.6,97.2,117.3,71.5,14.3,36.86
PATIENT-1004,1790737656.36,74.3,98.4,134.6,81.2,20.0,37.18
PATIENT-1005,1790737658.36,73.9,96.6,125.0,73.4,20.0,36.84
PATIENT-1005,1790737660.36,72.8,98.9,117.0,87.0,16.1,37.03
PATIENT-1005,1790737662.36,68.7,99.5,122.1,80.6,14.3,37.1
PATIENT-1003,1790737664.36,70.4,96.6,111.3,81.7,13.5,36.87
PATIENT-1004,1790737666.36,91.5,99.3,105.3,81.0,16.2,37.24
PATIENT-1005,1790737668.36,70.1,99.0,117.0,69.6,14.8,36.94
PATIENT-1002,1790737670.36,75.9,98.0,122.5,79.7,17.4,37.5
PATIENT-1002,1790737672.36,71.1,98.2,128.8,80.4,14.2,37.18
PATIENT-1002,1790737674.36,71.6,96.0,126.4,68.4,18.7,36.9
PATIENT-1002,1790737676.36,66.3,98.5,112.2,85.7,15.0,36.79
PATIENT-1005,1790737678.36,74.5,98.1,100.3,74.3,14.3,37.15
PATIENT-1005,1790737680.36,69.2,98.3,107.5,84.0,18.4,36.5
PATIENT-1004,1790737682.36,68.7,98.1,117.0,70.3,19.7,36.86
PATIENT-1001,1790737684.36,69.2,98.1,113.1,74.5,13.4,37.03
PATIENT-1002,1790737686.36,65.3,98.3,108.6,83.1,13.1,37.35
PATIENT-1002,1790737688.36,66.0,96.4,136.5,80.0,16.1,36.76
PATIENT-1003,1790737690.36,77.9,99.0,124.0,72.2,17.9,36.5
PATIENT-1004,1790737692.36,81.3,99.1,120.4,80.8,15.2,37.39
PATIENT-1005,1790737694.36,68.6,99.1,113.1,76.8,12.0,37.13
PATIENT-1003,1790737696.36,61.1,95.7,130.3,87.0,18.3,36.91
PATIENT-1005,1790737698.36,76.5,98.4,114.2,78.6,17.1,37.24
PATIENT-1001,1790737700.36,169.8,97.8,117.9,77.9,17.2,37.14
PATIENT-1004,1790737702.36,88.2,96.7,130.4,85.8,15.6,37.19
PATIENT-1005,1790737704.36,78.0,98.0,127.7,80.2,17.6,36.5
PATIENT-1003,1790737706.36,82.5,98.9,125.4,74.6,15.2,36.59
PATIENT-1004,1790737708.36,81.2,98.0,130.8,73.6,15.7,36.64
PATIENT-1001,1790737710.36,79.1,97.5,121.6,71.4,16.6,36.63
PATIENT-1005,1790737712.36,58.5,98.5,117.2,76.6,15.3,36.74
PATIENT-1004,1790737714.36,74.3,97.7,122.6,73.6,12.7,36.62
PATIENT-1002,1790737716.36,69.6,97.6,126.3,88.0,12.0,37.36
PATIENT-1004,1790737718.36,57.1,98.4,121.3,77.9,13.0,36.57
PATIENT-1002,1790737720.36,76.0,97.2,128.9,88.0,12.6,36.92
PATIENT-1004,1790737722.36,84.2,98.7,129.8,73.9,16.5,37.08
PATIENT-1003,1790737724.36,70.3,98.2,125.6,81.4,16.0,37.14
PATIENT-1002,1790737726.36,77.1,97.8,129.4,77.4,15.4,37.02
PATIENT-1004,1790737728.36,76.5,97.3,116.6,78.7,13.7,37.05
PATIENT-1003,1790737730.36,83.1,99.0,121.8,74.3,13.1,37.08
PATIENT-1003,1790737732.36,74.0,97.1,125.1,79.0,13.6,36.64
PATIENT-1005,1790737734.36,67.3,98.0,130.8,75.2,15.5,37.22
PATIENT-1003,1790737736.36,69.1,96.9,121.6,84.1,15.0,36.68
PATIENT-1004,1790737738.36,80.6,96.8,125.6,73.4,14.5,36.61
PATIENT-1003,1790737740.36,76.3,99.2,115.4,79.0,17.1,37.5
PATIENT-1004,1790737742.36,70.0,97.4,116.8,78.9,17.1,37.1
PATIENT-1004,1790737744.36,81.4,98.9,116.3,81.2,14.8,36.95
PATIENT-1001,1790737746.36,78.8,97.1,131.8,82.1,15.8,37.15
PATIENT-1002,1790737748.36,79.5,96.2,126.5,77.2,15.3,37.16
PATIENT-1003,1790737750.36,68.6,98.1,119.3,73.1,16.8,36.8
PATIENT-1005,1790737752.36,69.1,98.0,121.3,71.0,19.0,37.16
PATIENT-1004,1790737754.36,63.3,98.5,122.4,88.0,14.1,37.03
PATIENT-1004,1790737756.36,108.8,98.9,121.2,75.9,19.2,40.2
PATIENT-1001,1790737758.36,71.3,98.3,117.2,88.0,12.4,37.02
PATIENT-1001,1790737760.36,79.3,98.5,127.2,86.5,17.1,36.77
PATIENT-1003,1790737762.36,84.0,98.4,124.0,82.5,16.3,37.41
PATIENT-1002,1790737764.36,70.4,98.6,131.8,82.3,17.0,37.08
PATIENT-1005,1790737766.36,70.7,96.9,124.3,65.0,12.0,37.07
PATIENT-1005,1790737768.36,68.4,96.3,116.8,78.0,15.2,37.21
PATIENT-1004,1790737770.36,79.1,77.8,116.3,83.6,29.8,37.42
PATIENT-1001,1790737772.36,75.8,98.1,136.5,76.2,17.1,36.5
PATIENT-1002,1790737774.36,75.0,98.4,128.8,79.1,15.2,36.61
PATIENT-1002,1790737776.36,73.3,96.5,120.5,74.1,13.6,37.08
PATIENT-1004,1790737778.36,67.8,97.1,107.5,76.1,17.5,37.01
PATIENT-1002,1790737780.36,68.0,99.3,121.1,74.2,15.3,36.65
PATIENT-1002,1790737782.36,84.6,98.1,116.2,69.7,17.2,37.35
PATIENT-1003,1790737784.36,85.5,96.2,123.3,81.3,15.2,37.08
PATIENT-1004,1790737786.36,78.2,97.4,119.5,80.6,16.8,37.29
PATIENT-1005,1790737788.36,65.0,97.7,130.2,75.6,17.7,36.79
PATIENT-1002,1790737790.36,70.1,95.8,125.2,75.5,19.0,36.69
PATIENT-1001,1790737792.36,77.8,96.6,122.3,80.8,12.0,36.9
PATIENT-1001,1790737794.36,69.9,98.4,113.7,83.5,16.4,37.21
PATIENT-1005,1790737796.36,68.6,96.5,116.5,82.2,16.5,37.27
PATIENT-1004,1790737798.36,78.1,99.0,119.4,79.4,18.6,36.69
PATIENT-1004,1790737800.36,69.4,100.0,107.8,68.3,12.5,37.3
PATIENT-1004,1790737802.36,80.7,96.5,110.3,78.2,12.9,37.14
PATIENT-1002,1790737804.36,76.0,97.8,115.0,78.9,16.5,36.73
PATIENT-1004,1790737806.36,75.9,97.3,113.6,81.9,16.9,37.01
PATIENT-1002,1790737808.36,77.9,99.2,129.9,83.4,17.1,37.5
PATIENT-1001,1790737810.36,83.3,98.8,121.4,70.3,15.4,36.73
PATIENT-1002,1790737812.36,75.7,99.4,113.5,80.3,16.2,37.5
PATIENT-1005,1790737814.36,65.1,98.4,120.2,84.8,15.8,37.02
PATIENT-1005,1790737816.36,69.6,99.6,112.6,76.5,14.9,37.13
PATIENT-1003,1790737818.36,62.0,98.7,121.6,77.2,14.6,37.08
PATIENT-1002,1790737820.36,78.5,98.5,127.0,82.4,17.8,37.42
PATIENT-1005,1790737822.36,75.1,97.7,111.3,81.1,14.2,37.17
PATIENT-1002,1790737824.36,86.7,98.9,130.3,81.5,13.0,37.45
PATIENT-1003,1790737826.36,71.5,98.6,121.4,84.6,14.7,36.85
PATIENT-1001,1790737828.36,79.0,97.9,127.2,80.5,16.8,36.69
PATIENT-1003,1790737830.36,68.0,96.2,111.6,69.7,12.5,36.71
PATIENT-1004,1790737832.36,84.3,97.9,116.4,73.1,13.8,37.04
PATIENT-1003,1790737834.36,78.4,97.8,114.1,77.7,17.2,36.97
PATIENT-1004,1790737836.36,72.5,98.6,118.2,75.6,14.1,36.99
PATIENT-1001,1790737838.36,77.0,97.6,122.2,80.8,15.5,36.92
PATIENT-1004,1790737840.36,80.4,96.7,123.8,79.0,17.2,36.97
PATIENT-1003,1790737842.36,78.5,98.7,187.0,110.9,17.4,36.96
PATIENT-1002,1790737844.36,70.4,99.0,120.3,83.6,17.4,37.25
PATIENT-1005,1790737846.36,71.7,98.1,102.8,80.2,18.8,36.9
PATIENT-1001,1790737848.36,75.0,97.6,115.8,79.1,17.9,37.5
PATIENT-1004,1790737850.36,74.8,98.5,119.6,84.3,15.4,36.78
PATIENT-1004,1790737852.36,69.8,96.9,124.7,71.8,16.1,36.95
PATIENT-1004,1790737854.36,80.8,98.2,106.2,75.6,15.2,36.95
PATIENT-1002,1790737856.36,85.2,96.8,122.4,76.1,15.3,36.63
PATIENT-1002,1790737858.36,77.6,96.9,120.7,75.2,12.9,36.5
PATIENT-1005,1790737860.36,72.1,98.7,136.2,74.8,15.3,36.57
PATIENT-1001,1790737862.36,78.5,97.5,118.4,85.9,13.5,37.2
PATIENT-1003,1790737864.36,89.4,99.0,121.0,70.5,14.8,36.69
PATIENT-1004,1790737866.36,112.8,97.2,118.7,76.0,17.6,39.89
PATIENT-1004,1790737868.36,75.3,96.8,129.2,81.5,15.8,37.13
PATIENT-1004,1790737870.36,84.4,97.0,111.1,81.9,13.5,37.06
PATIENT-1001,1790737872.36,76.0,97.8,124.1,81.6,16.1,36.72
PATIENT-1002,1790737874.36,66.9,97.0,121.6,83.4,15.7,37.1
PATIENT-1005,1790737876.36,69.2,98.6,107.7,73.1,18.4,36.9
PATIENT-1002,1790737878.36,83.5,98.2,126.7,71.9,13.5,36.73
PATIENT-1003,1790737880.36,71.2,97.4,126.7,81.8,17.5,36.97
PATIENT-1004,1790737882.36,75.0,96.4,117.5,82.9,18.4,36.82
PATIENT-1005,1790737884.36,71.2,96.4,123.8,68.7,20.0,36.65
PATIENT-1003,1790737886.36,81.1,98.3,198.3,129.3,12.5,37.3
PATIENT-1003,1790737888.36,80.1,97.4,126.6,82.0,16.1,36.89
PATIENT-1003,1790737890.36,70.0,99.7,117.1,76.9,15.9,37.16
PATIENT-1001,1790737892.36,70.9,99.8,122.5,73.5,20.0,36.99
PATIENT-1004,1790737894.36,76.9,98.5,133.2,71.7,15.1,37.29
PATIENT-1002,1790737896.36,79.4,99.2,111.1,75.5,12.0,36.97
PATIENT-1002,1790737898.36,73.5,98.5,123.7,71.8,16.1,37.24
PATIENT-1005,1790737900.36,81.4,97.7,114.5,82.7,15.5,37.45
PATIENT-1004,1790737902.36,77.7,99.3,111.6,77.0,18.3,36.58
PATIENT-1001,1790737904.36,74.9,98.8,128.7,87.9,12.9,37.49
PATIENT-1003,1790737906.36,72.3,98.4,114.4,74.0,18.6,36.74
PATIENT-1005,1790737908.36,83.0,96.9,123.1,78.6,14.4,37.5
PATIENT-1005,1790737910.36,68.5,98.2,124.1,74.8,19.7,37.11
PATIENT-1005,1790737912.36,70.1,97.7,124.2,76.0,12.0,36.75
PATIENT-1001,1790737914.36,71.8,97.6,112.1,68.2,12.0,36.96
PATIENT-1005,1790737916.36,74.4,98.3,136.0,81.4,15.2,36.89
PATIENT-1003,1790737918.36,78.4,98.6,106.6,79.6,14.5,37.31
PATIENT-1004,1790737920.36,72.6,97.4,101.9,81.5,19.0,36.98
PATIENT-1001,1790737922.36,82.4,98.1,121.0,76.9,17.1,36.9
PATIENT-1003,1790737924.36,69.4,98.7,109.0,72.8,18.6,36.8
PATIENT-1003,1790737926.36,57.9,96.5,123.2,88.0,14.6,37.08
PATIENT-1001,1790737928.36,65.0,97.9,123.9,76.0,12.0,36.82
PATIENT-1001,1790737930.36,68.7,99.1,121.5,80.4,17.5,36.71
PATIENT-1005,1790737932.36,74.7,98.3,112.4,85.9,15.2,37.14
PATIENT-1005,1790737934.36,83.8,85.2,115.2,73.5,28.2,36.7
PATIENT-1005,1790737936.36,62.9,74.2,114.1,75.6,32.5,36.83
PATIENT-1003,1790737938.36,82.5,96.7,120.1,81.7,16.1,36.87
PATIENT-1005,1790737940.36,69.0,98.8,108.0,68.6,16.9,37.27
PATIENT-1003,1790737942.36,69.5,100.0,102.9,77.6,16.9,37.02
PATIENT-1004,1790737944.36,81.5,98.2,114.1,81.0,14.6,36.8
PATIENT-1005,1790737946.36,79.2,98.6,118.6,75.1,15.6,37.36
PATIENT-1001,1790737948.36,83.5,96.8,124.3,75.4,17.4,36.5
PATIENT-1003,1790737950.36,68.2,96.8,115.7,82.2,18.8,36.93
PATIENT-1005,1790737952.36,69.7,98.3,119.3,68.0,12.9,37.24
PATIENT-1005,1790737954.36,80.3,97.4,115.3,75.1,13.6,36.78
PATIENT-1002,1790737956.36,75.8,98.2,133.9,74.9,13.3,37.14
PATIENT-1005,1790737958.36,72.1,98.0,116.4,77.7,16.9,37.06
PATIENT-1001,1790737960.36,76.9,98.3,107.1,72.5,18.4,37.32
PATIENT-1002,1790737962.36,80.0,98.9,110.3,82.3,18.0,37.24
PATIENT-1002,1790737964.36,80.9,97.8,133.6,83.3,18.9,36.95
PATIENT-1001,1790737966.36,70.9,95.4,128.4,71.1,14.0,36.67
PATIENT-1002,1790737968.36,74.7,98.9,119.0,84.6,13.9,37.07
PATIENT-1001,1790737970.36,65.7,98.8,127.8,77.9,15.7,37.25
PATIENT-1002,1790737972.36,71.1,97.3,127.2,71.0,12.6,36.97
PATIENT-1004,1790737974.36,80.4,98.9,114.0,70.7,20.0,37.24
PATIENT-1003,1790737976.36,77.7,98.4,121.0,80.5,17.9,37.34
PATIENT-1001,1790737978.36,81.2,97.9,129.2,79.0,20.0,36.66
PATIENT-1004,1790737980.36,80.2,97.3,110.1,75.9,14.3,36.84
PATIENT-1004,1790737982.36,66.0,100.0,120.1,67.3,12.6,36.72
PATIENT-1001,1790737984.36,75.1,98.2,118.9,76.2,18.4,37.27
PATIENT-1005,1790737986.36,72.0,98.0,121.5,76.6,15.0,37.5
PATIENT-1005,1790737988.36,69.7,98.3,114.3,79.7,14.8,37.38
PATIENT-1003,1790737990.36,72.6,97.5,111.9,79.1,17.0,37.2
PATIENT-1005,1790737992.36,69.6,98.8,124.3,75.8,16.9,37.14
PATIENT-1004,1790737994.36,64.7,99.8,117.4,74.9,14.8,36.58
PATIENT-1002,1790737996.36,86.4,99.5,138.0,77.3,16.5,36.98
PATIENT-1004,1790737998.36,68.5,98.4,120.0,69.7,17.5,37.27
PATIENT-1005,1790738000.36,81.5,99.1,127.8,73.7,16.6,37.06
PATIENT-1001,1790738002.36,73.1,96.6,110.1,75.9,17.9,37.03
PATIENT-1002,1790738004.36,72.8,99.5,125.4,73.0,18.3,37.18
PATIENT-1003,1790738006.36,73.4,97.7,119.2,75.1,14.7,37.29
PATIENT-1002,1790738008.36,76.1,82.6,133.6,83.9,27.2,36.92
PATIENT-1002,1790738010.36,78.8,98.3,127.3,81.7,15.1,37.08
PATIENT-1001,1790738012.36,67.2,97.7,119.6,81.9,15.3,36.86
PATIENT-1004,1790738014.36,82.0,98.7,121.1,75.1,15.7,37.02
PATIENT-1001,1790738016.36,78.0,97.2,109.7,75.7,16.3,37.5
PATIENT-1003,1790738018.36,79.3,97.2,130.3,83.5,15.3,36.98
PATIENT-1002,1790738020.36,73.4,99.7,118.3,79.0,15.4,37.15
PATIENT-1001,1790738022.36,82.9,97.7,110.9,75.6,18.2,36.97
PATIENT-1004,1790738024.36,62.6,97.6,121.3,73.6,14.1,37.0
PATIENT-1003,1790738026.36,76.3,99.2,128.3,80.6,14.6,37.35
PATIENT-1004,1790738028.36,79.5,100.0,128.9,77.9,17.1,37.13
PATIENT-1002,1790738030.36,67.0,98.3,124.1,80.2,17.6,37.34
PATIENT-1005,1790738032.36,62.2,99.4,129.3,79.0,17.6,37.27
PATIENT-1004,1790738034.36,70.2,97.9,127.0,75.9,18.2,37.07
PATIENT-1002,1790738036.36,77.4,97.6,108.5,65.0,17.7,36.95
PATIENT-1001,1790738038.36,71.1,96.7,119.6,82.5,12.0,36.98
PATIENT-1004,1790738040.36,83.5,98.0,121.1,75.1,18.0,37.13
PATIENT-1002,1790738042.36,73.8,99.3,133.9,78.2,14.3,37.11
PATIENT-1004,1790738044.36,83.8,99.4,114.6,73.6,17.8,37.15
PATIENT-1005,1790738046.36,82.5,97.2,120.0,77.1,15.2,37.16
PATIENT-1004,1790738048.36,69.2,97.8,122.6,74.7,17.3,36.97
PATIENT-1005,1790738050.36,79.5,99.5,117.4,74.3,14.0,36.68
PATIENT-1001,1790738052.36,113.6,98.1,115.0,88.0,15.0,40.18
PATIENT-1004,1790738054.36,71.9,98.2,116.6,82.8,16.8,36.87
PATIENT-1001,1790738056.36,76.5,96.8,118.6,75.3,14.5,36.88
PATIENT-1003,1790738058.36,82.9,98.8,116.6,78.9,12.0,36.97
PATIENT-1003,1790738060.36,86.9,98.4,124.5,82.5,17.5,36.5
PATIENT-1001,1790738062.36,74.5,96.9,130.5,72.2,15.5,37.07
PATIENT-1003,1790738064.36,86.1,98.5,120.9,71.4,18.8,36.86
PATIENT-1001,1790738066.36,80.2,97.6,115.9,79.4,18.1,36.5
PATIENT-1003,1790738068.36,74.2,97.1,117.8,82.4,17.5,37.18
PATIENT-1005,1790738070.36,73.2,98.8,110.8,69.5,13.8,37.26
PATIENT-1005,1790738072.36,75.1,99.0,131.6,76.0,13.4,37.11
PATIENT-1002,1790738074.36,68.7,96.2,109.6,75.9,15.9,36.73
PATIENT-1002,1790738076.36,76.5,96.0,123.4,78.9,15.7,36.73
PATIENT-1004,1790738078.36,72.5,97.4,117.3,75.4,13.8,36.59
PATIENT-1004,1790738080.36,75.8,98.1,121.7,79.7,19.7,36.88
PATIENT-1003,1790738082.36,76.7,97.4,129.8,74.2,14.5,36.55
PATIENT-1002,1790738084.36,72.7,96.3,127.6,75.1,13.4,37.36
PATIENT-1005,1790738086.36,73.1,96.6,109.0,88.0,15.9,37.23
PATIENT-1002,1790738088.36,85.2,97.7,114.9,77.3,19.1,36.92
PATIENT-1001,1790738090.36,81.2,97.2,127.9,76.6,17.6,36.88
PATIENT-1001,1790738092.36,76.0,97.3,110.6,76.8,18.9,36.97
PATIENT-1002,1790738094.36,72.5,96.8,124.6,88.0,12.9,37.15
PATIENT-1002,1790738096.36,79.9,97.0,117.1,81.3,15.1,36.8
PATIENT-1004,1790738098.36,77.7,97.5,111.3,76.0,17.4,37.37
PATIENT-1002,1790738100.36,81.2,97.3,110.3,82.9,15.0,36.66
PATIENT-1003,1790738102.36,68.3,97.2,106.9,77.2,15.5,37.21
PATIENT-1002,1790738104.36,74.1,97.4,107.2,78.1,18.3,37.21
PATIENT-1004,1790738106.36,83.8,98.4,122.7,80.4,14.9,36.62
PATIENT-1005,1790738108.36,69.8,98.5,130.3,78.8,13.7,36.84
PATIENT-1001,1790738110.36,152.6,98.0,119.8,76.8,18.1,37.24
PATIENT-1004,1790738112.36,74.5,97.8,115.0,85.0,14.9,36.91
PATIENT-1001,1790738114.36,74.8,98.1,129.8,78.4,20.0,36.97
PATIENT-1002,1790738116.36,74.7,96.9,100.0,78.4,16.2,36.78
PATIENT-1005,1790738118.36,70.9,98.7,116.6,86.3,15.3,36.98
PATIENT-1002,1790738120.36,80.6,99.7,114.4,80.5,18.7,36.62
PATIENT-1003,1790738122.36,83.4,97.0,125.5,78.8,17.7,36.87
PATIENT-1004,1790738124.36,75.8,98.2,115.7,78.6,13.0,37.0
PATIENT-1005,1790738126.36,76.1,100.0,119.6,79.0,16.6,37.18
PATIENT-1001,1790738128.36,77.6,97.9,128.3,82.9,16.8,36.89
PATIENT-1003,1790738130.36,71.3,97.7,108.8,76.4,12.5,37.07
PATIENT-1003,1790738132.36,75.1,97.5,107.9,83.1,13.5,36.97
PATIENT-1004,1790738134.36,83.4,96.9,124.7,78.0,17.4,37.18
PATIENT-1001,1790738136.36,84.4,98.7,117.2,74.8,15.1,36.87
PATIENT-1003,1790738138.36,79.1,97.2,125.4,83.4,16.6,37.06
PATIENT-1005,1790738140.36,69.6,97.5,111.6,80.9,14.7,37.12
PATIENT-1001,1790738142.36,63.7,98.5,120.5,80.2,15.4,37.06
PATIENT-1003,1790738144.36,80.2,97.0,214.2,129.2,15.7,37.17
PATIENT-1001,1790738146.36,83.1,99.3,110.4,82.2,14.6,36.82
PATIENT-1005,1790738148.36,81.2,98.9,114.8,70.1,14.3,36.73
PATIENT-1005,1790738150.36,74.5,98.5,106.8,74.2,19.2,36.83
PATIENT-1004,1790738152.36,76.7,98.0,108.4,68.2,17.5,36.88
PATIENT-1005,1790738154.36,75.1,97.9,129.2,75.9,16.1,37.04
PATIENT-1005,1790738156.36,66.5,98.8,113.8,77.4,16.5,36.78
PATIENT-1002,1790738158.36,76.5,97.1,113.4,73.0,16.1,37.09
PATIENT-1003,1790738160.36,67.1,97.6,116.8,81.7,17.5,37.31
PATIENT-1004,1790738162.36,71.5,98.3,121.9,70.5,15.4,37.04
PATIENT-1005,1790738164.36,63.6,97.6,119.3,74.1,18.1,37.07
PATIENT-1004,1790738166.36,74.5,95.9,122.4,82.8,16.2,37.13
PATIENT-1001,1790738168.36,73.2,98.5,123.1,74.3,17.0,37.34
PATIENT-1003,1790738170.36,83.4,98.3,136.7,78.3,16.6,37.17
PATIENT-1004,1790738172.36,77.7,99.4,132.8,80.9,15.4,36.87
PATIENT-1004,1790738174.36,75.5,99.2,116.2,71.0,15.8,37.08
PATIENT-1002,1790738176.36,73.2,96.0,124.3,74.3,16.8,37.18
PATIENT-1005,1790738178.36,64.1,98.0,116.8,68.2,15.8,36.85
PATIENT-1001,1790738180.36,71.8,100.0,128.3,80.9,16.0,37.04
PATIENT-1004,1790738182.36,78.7,97.3,132.5,76.3,18.1,36.96
PATIENT-1004,1790738184.36,70.7,97.2,130.9,80.0,20.0,37.29
PATIENT-1005,1790738186.36,170.8,97.5,119.3,83.2,17.2,37.27
PATIENT-1004,1790738188.36,78.2,99.2,132.3,77.3,15.8,37.11
PATIENT-1004,1790738190.36,70.0,96.8,107.6,86.9,14.1,37.04
PATIENT-1003,1790738192.36,75.2,97.8,114.2,78.1,15.4,37.5
PATIENT-1002,1790738194.36,76.1,98.4,120.0,83.0,17.5,36.95
PATIENT-1003,1790738196.36,75.9,96.0,118.0,70.6,18.7,37.07
PATIENT-1004,1790738198.36,64.7,97.7,114.7,85.9,15.7,37.0
PATIENT-1004,1790738200.36,83.6,98.8,123.1,74.5,14.0,36.63
PATIENT-1001,1790738202.36,69.8,97.6,109.3,87.5,13.1,36.97
PATIENT-1003,1790738204.36,68.4,99.6,129.9,73.9,15.2,37.18
PATIENT-1003,1790738206.36,80.1,97.1,100.0,77.4,15.4,37.11
PATIENT-1005,1790738208.36,77.2,97.0,100.4,79.4,16.1,36.99
PATIENT-1002,1790738210.36,84.3,98.3,136.9,67.0,15.7,37.08
PATIENT-1002,1790738212.36,82.0,97.7,120.0,82.7,15.8,36.81
PATIENT-1004,1790738214.36,82.4,98.6,109.6,77.0,20.0,36.95
PATIENT-1001,1790738216.36,66.4,97.6,116.1,81.4,16.1,37.22
PATIENT-1002,1790738218.36,61.7,97.5,113.8,80.3,17.7,37.0
PATIENT-1005,1790738220.36,74.2,98.9,118.6,77.6,17.8,36.75
PATIENT-1005,1790738222.36,68.6,97.6,125.0,79.3,15.5,36.77
PATIENT-1004,1790738224.36,69.7,96.1,123.9,76.5,19.0,36.99
PATIENT-1003,1790738226.36,112.8,97.4,78.4,41.7,15.5,36.97
PATIENT-1002,1790738228.36,74.7,97.5,125.7,77.6,13.8,36.66
PATIENT-1004,1790738230.36,76.0,98.2,117.3,87.0,13.4,37.09
PATIENT-1002,1790738232.36,80.2,97.3,132.0,80.0,16.5,36.76
PATIENT-1001,1790738234.36,63.6,97.4,120.2,85.5,16.3,37.25
PATIENT-1005,1790738236.36,76.4,96.8,125.8,75.2,15.6,37.06
PATIENT-1002,1790738238.36,71.0,97.0,125.0,73.7,16.5,37.13
PATIENT-1002,1790738240.36,68.4,100.0,123.9,70.6,16.4,36.56
PATIENT-1004,1790738242.36,76.8,96.2,119.4,75.9,16.1,36.91
PATIENT-1002,1790738244.36,130.4,97.0,77.7,42.7,14.2,36.91
PATIENT-1001,1790738246.36,66.5,99.2,118.8,83.8,14.0,36.83
PATIENT-1005,1790738248.36,68.3,98.8,118.1,72.4,17.3,37.09
PATIENT-1001,1790738250.36,75.6,96.1,111.3,78.4,14.8,36.73
PATIENT-1004,1790738252.36,74.0,99.3,126.9,78.0,14.8,36.87
PATIENT-1001,1790738254.36,71.6,97.2,114.2,77.0,16.9,36.85
PATIENT-1004,1790738256.36,73.5,95.8,124.0,74.2,17.2,37.04
PATIENT-1005,1790738258.36,123.5,96.1,80.1,48.7,17.1,37.25
PATIENT-1003,1790738260.36,69.9,98.1,102.7,84.1,14.8,37.24
PATIENT-1003,1790738262.36,79.3,98.3,122.8,76.5,20.0,37.01
PATIENT-1003,1790738264.36,74.3,97.4,138.0,76.7,15.0,36.75
PATIENT-1005,1790738266.36,72.8,97.4,129.8,69.9,19.1,36.59
PATIENT-1002,1790738268.36,87.5,97.3,110.4,77.4,18.3,37.12
PATIENT-1005,1790738270.36,72.9,97.8,108.2,76.0,18.6,37.2
PATIENT-1002,1790738272.36,69.1,98.7,123.6,81.3,19.0,37.03
PATIENT-1004,1790738274.36,81.2,99.1,108.8,82.9,18.1,37.13
PATIENT-1002,1790738276.36,66.9,97.9,137.1,80.3,16.9,36.71
PATIENT-1004,1790738278.36,68.1,97.9,127.2,73.6,12.4,37.5
PATIENT-1004,1790738280.36,76.1,96.9,131.3,81.3,14.9,37.12
PATIENT-1002,1790738282.36,78.9,98.1,210.3,118.3,14.8,36.59
PATIENT-1003,1790738284.36,72.1,98.7,114.5,72.6,17.0,36.83
PATIENT-1004,1790738286.36,70.4,96.5,111.2,77.0,15.4,37.0
PATIENT-1001,1790738288.36,67.3,98.8,107.7,79.8,12.4,36.77
PATIENT-1005,1790738290.36,90.6,97.7,113.6,68.9,14.1,36.72
PATIENT-1001,1790738292.36,75.6,97.3,130.9,75.3,16.8,36.9
PATIENT-1003,1790738294.36,69.7,97.1,119.4,75.3,15.7,37.11
PATIENT-1005,1790738296.36,72.5,99.5,121.7,78.2,15.7,36.97
PATIENT-1003,1790738298.36,70.6,98.3,118.6,82.5,19.4,36.65
PATIENT-1001,1790738300.36,72.8,98.0,123.3,70.0,17.1,37.08
PATIENT-1001,1790738302.36,71.9,99.5,113.3,72.8,18.9,36.9
PATIENT-1001,1790738304.36,77.4,98.3,120.1,74.0,17.1,37.22
PATIENT-1002,1790738306.36,68.4,96.5,110.4,78.4,17.7,36.88
PATIENT-1002,1790738308.36,72.2,97.5,120.6,85.8,20.0,36.95
PATIENT-1004,1790738310.36,79.3,98.3,124.0,78.0,14.6,37.12
PATIENT-1005,1790738312.36,82.8,98.1,111.7,75.9,13.0,37.08
PATIENT-1001,1790738314.36,80.2,98.7,115.6,73.4,14.4,36.68
PATIENT-1005,1790738316.36,69.6,97.8,114.4,87.1,16.2,37.24
PATIENT-1002,1790738318.36,73.9,97.5,131.9,77.9,12.0,37.32
PATIENT-1001,1790738320.36,74.3,99.6,108.1,71.4,16.8,36.83
PATIENT-1002,1790738322.36,83.3,97.7,130.0,79.5,16.3,37.04
PATIENT-1001,1790738324.36,76.0,98.8,109.4,82.1,16.8,37.23
PATIENT-1001,1790738326.36,81.3,99.8,132.6,78.6,17.2,36.88
PATIENT-1002,1790738328.36,69.7,98.2,135.0,81.4,16.7,37.04
PATIENT-1001,1790738330.36,81.1,98.7,129.5,71.4,14.7,36.93
PATIENT-1004,1790738332.36,68.5,98.2,108.2,82.1,13.3,36.95
PATIENT-1004,1790738334.36,75.5,97.6,121.5,74.1,20.0,37.02
PATIENT-1001,1790738336.36,72.1,77.5,123.7,71.6,26.3,37.08
PATIENT-1003,1790738338.36,81.2,96.2,107.5,76.6,17.1,36.83
PATIENT-1005,1790738340.36,73.6,98.3,129.5,68.3,14.7,37.38
PATIENT-1004,1790738342.36,72.2,97.8,127.7,83.4,12.8,36.75
PATIENT-1002,1790738344.36,76.6,98.2,129.1,79.4,16.5,37.24
PATIENT-1002,1790738346.36,73.9,99.0,108.4,80.2,15.5,37.11
PATIENT-1003,1790738348.36,84.4,97.5,125.9,78.4,15.1,36.84
PATIENT-1005,1790738350.36,65.2,97.4,101.9,80.0,14.2,37.15
PATIENT-1002,1790738352.36,64.8,98.0,138.0,77.3,17.7,37.01
PATIENT-1004,1790738354.36,66.4,96.4,112.2,76.5,14.3,36.79
PATIENT-1003,1790738356.36,66.1,96.7,119.1,66.0,14.1,37.08
PATIENT-1005,1790738358.36,76.6,96.9,115.8,88.0,13.8,37.43
PATIENT-1005,1790738360.36,71.4,98.4,126.0,71.2,16.9,37.28
PATIENT-1001,1790738362.36,75.0,95.9,130.2,85.6,16.6,37.2
PATIENT-1005,1790738364.36,75.5,98.2,123.5,85.7,18.8,37.11
PATIENT-1002,1790738366.36,83.3,98.7,127.8,79.7,15.9,37.41
PATIENT-1005,1790738368.36,74.4,96.6,108.9,76.5,16.2,37.16
PATIENT-1003,1790738370.36,74.4,98.9,118.3,83.5,15.3,37.06
PATIENT-1004,1790738372.36,80.2,98.8,105.1,86.4,14.6,36.59
PATIENT-1002,1790738374.36,70.7,85.5,110.7,75.8,27.1,37.07
PATIENT-1002,1790738376.36,78.1,97.5,112.1,81.0,16.1,37.04
PATIENT-1004,1790738378.36,67.4,99.5,129.9,75.0,17.9,36.99
PATIENT-1003,1790738380.36,71.4,97.9,113.8,87.0,16.6,37.24
PATIENT-1005,1790738382.36,68.4,97.2,124.5,71.6,16.5,37.19
PATIENT-1003,1790738384.36,84.7,99.4,130.6,72.7,15.5,36.86
PATIENT-1005,1790738386.36,87.4,96.0,122.7,80.2,14.6,36.5
PATIENT-1003,1790738388.36,77.1,98.2,102.1,77.2,15.3,36.73
PATIENT-1005,1790738390.36,88.3,99.7,117.3,81.0,15.4,37.14
PATIENT-1004,1790738392.36,69.0,99.0,108.3,67.2,14.5,37.06
PATIENT-1005,1790738394.36,80.7,99.8,109.4,74.9,17.9,37.07
PATIENT-1001,1790738396.36,71.8,96.8,116.0,72.4,19.0,37.11
PATIENT-1002,1790738398.36,70.4,97.5,134.6,76.0,15.4,37.18
PATIENT-1004,1790738400.36,78.4,96.8,116.9,70.3,13.4,37.09
PATIENT-1004,1790738402.36,62.1,99.1,122.8,72.2,14.6,36.55
PATIENT-1002,1790738404.36,76.7,97.9,128.3,78.7,15.4,36.63
PATIENT-1004,1790738406.36,77.4,97.5,138.0,77.1,16.0,37.02
PATIENT-1005,1790738408.36,70.1,98.7,119.5,85.3,16.2,36.75
PATIENT-1005,1790738410.36,110.4,97.8,124.8,84.5,19.0,39.56
PATIENT-1002,1790738412.36,70.9,98.3,104.7,72.2,13.2,37.14
PATIENT-1004,1790738414.36,68.0,99.6,114.2,82.9,12.8,36.9
PATIENT-1003,1790738416.36,89.5,97.0,111.7,72.3,16.1,36.91
PATIENT-1002,1790738418.36,79.9,98.9,125.2,75.7,15.2,37.5
PATIENT-1003,1790738420.36,63.3,98.9,119.2,76.0,17.3,37.19
PATIENT-1002,1790738422.36,84.8,85.0,112.5,79.9,33.5,36.82
PATIENT-1003,1790738424.36,73.2,98.7,119.4,77.5,14.7,36.82
PATIENT-1005,1790738426.36,70.0,97.6,123.6,76.8,16.3,37.35
PATIENT-1002,1790738428.36,74.3,98.7,112.1,75.4,17.3,36.84
PATIENT-1001,1790738430.36,69.5,97.5,125.8,81.5,15.7,36.61
PATIENT-1001,1790738432.36,81.8,100.0,119.7,72.0,14.8,37.45
PATIENT-1002,1790738434.36,81.5,98.9,114.7,84.9,13.7,36.74
PATIENT-1004,1790738436.36,66.3,98.6,115.6,76.8,16.5,36.5
PATIENT-1002,1790738438.36,79.3,97.4,111.3,73.7,15.2,37.26
PATIENT-1005,1790738440.36,80.8,98.4,124.4,86.1,20.0,37.15
PATIENT-1005,1790738442.36,66.9,97.0,118.1,75.3,20.0,37.24
PATIENT-1002,1790738444.36,71.6,98.8,121.5,82.2,13.9,36.89
PATIENT-1002,1790738446.36,84.8,99.6,129.6,83.8,13.9,37.18
PATIENT-1001,1790738448.36,73.5,97.3,124.2,76.8,20.0,36.75
PATIENT-1005,1790738450.36,81.1,97.7,116.5,67.9,14.1,37.2
PATIENT-1002,1790738452.36,63.1,98.1,123.9,72.1,15.2,37.12
PATIENT-1005,1790738454.36,74.1,97.2,128.2,75.5,13.8,37.04
PATIENT-1004,1790738456.36,66.3,96.9,110.6,87.5,18.6,36.7
PATIENT-1003,1790738458.36,82.7,98.4,104.6,77.9,14.7,37.01
PATIENT-1002,1790738460.36,81.7,97.4,128.1,71.9,16.5,36.7
PATIENT-1004,1790738462.36,77.0,96.6,130.5,80.6,14.3,37.18
PATIENT-1002,1790738464.36,69.3,96.8,115.6,75.6,14.7,37.22
PATIENT-1005,1790738466.36,58.2,100.0,131.5,84.9,14.7,36.97
PATIENT-1003,1790738468.36,71.5,99.2,116.9,83.8,15.6,37.02
PATIENT-1005,1790738470.36,76.7,98.6,103.7,81.4,18.6,37.24
PATIENT-1002,1790738472.36,66.1,97.6,110.2,74.0,15.0,36.91
PATIENT-1003,1790738474.36,72.2,96.6,108.7,85.7,14.0,37.22
PATIENT-1001,1790738476.36,76.0,97.7,114.2,82.0,12.6,37.32
PATIENT-1003,1790738478.36,77.8,97.5,131.2,83.4,16.5,36.98
PATIENT-1002,1790738480.36,83.7,98.5,118.8,74.8,12.1,37.37
PATIENT-1004,1790738482.36,65.6,98.3,136.0,85.4,19.3,36.73
PATIENT-1004,1790738484.36,85.2,98.1,111.9,88.0,16.8,37.16
PATIENT-1005,1790738486.36,79.1,97.1,120.0,80.1,14.4,37.33
PATIENT-1004,1790738488.36,69.1,99.6,116.3,77.8,14.4,36.89
PATIENT-1002,1790738490.36,65.5,96.9,119.2,75.4,13.9,37.24
PATIENT-1003,1790738492.36,66.4,96.5,113.8,78.9,13.6,36.96
PATIENT-1002,1790738494.36,77.6,96.1,109.2,75.8,15.0,36.86
PATIENT-1002,1790738496.36,72.0,95.5,125.9,71.0,15.7,37.4
PATIENT-1002,1790738498.36,79.1,96.6,119.1,79.5,15.4,36.75
PATIENT-1003,1790738500.36,64.4,98.9,122.9,82.4,14.8,36.94
PATIENT-1004,1790738502.36,65.4,98.0,120.1,75.5,17.3,36.74
PATIENT-1001,1790738504.36,86.0,96.5,117.2,77.8,14.5,37.0
PATIENT-1002,1790738506.36,71.5,95.9,111.5,80.7,17.7,36.82
PATIENT-1003,1790738508.36,75.4,98.7,128.9,82.4,17.0,37.17
PATIENT-1001,1790738510.36,73.2,97.5,115.6,68.9,17.2,36.79
PATIENT-1005,1790738512.36,65.4,97.3,127.0,86.8,16.9,37.42
PATIENT-1002,1790738514.36,71.6,96.2,122.4,74.5,19.3,37.19
PATIENT-1003,1790738516.36,85.7,97.9,112.9,76.8,16.6,36.65
PATIENT-1001,1790738518.36,76.8,99.1,111.5,78.0,14.4,37.06
PATIENT-1004,1790738520.36,78.8,98.5,113.7,69.7,12.3,37.13
PATIENT-1002,1790738522.36,78.1,97.5,119.3,79.1,14.3,37.2
PATIENT-1002,1790738524.36,74.9,98.8,113.0,76.7,16.1,37.08
PATIENT-1001,1790738526.36,66.5,97.5,127.1,82.4,15.7,37.03
PATIENT-1001,1790738528.36,75.3,97.9,184.0,106.1,18.8,36.7
PATIENT-1004,1790738530.36,78.9,98.1,121.4,77.7,16.9,37.18
PATIENT-1001,1790738532.36,65.8,97.8,117.7,75.7,16.0,36.87
PATIENT-1005,1790738534.36,177.6,97.7,123.5,84.0,15.2,36.95
PATIENT-1005,1790738536.36,73.4,95.8,120.6,77.7,13.6,36.97
PATIENT-1001,1790738538.36,84.9,96.8,125.3,79.5,16.2,36.97
PATIENT-1001,1790738540.36,75.8,99.3,120.5,79.5,17.8,37.03
PATIENT-1001,1790738542.36,73.8,99.4,110.1,82.2,17.1,37.12
PATIENT-1001,1790738544.36,80.0,97.8,113.3,74.6,12.4,37.04
PATIENT-1001,1790738546.36,74.9,99.0,124.3,81.9,15.0,36.82
PATIENT-1003,1790738548.36,72.7,96.1,112.6,68.5,17.1,36.64
PATIENT-1001,1790738550.36,68.0,97.4,123.6,80.7,12.6,36.83
PATIENT-1004,1790738552.36,75.8,99.0,118.6,76.7,16.7,37.08
PATIENT-1002,1790738554.36,74.8,97.4,122.4,88.0,16.8,36.89
PATIENT-1003,1790738556.36,82.5,98.1,112.9,82.1,20.0,36.66
PATIENT-1004,1790738558.36,65.4,97.3,117.6,76.7,15.6,36.94
PATIENT-1001,1790738560.36,77.6,96.8,113.6,72.4,15.7,37.49
PATIENT-1002,1790738562.36,70.3,97.9,118.6,77.1,16.8,37.26
PATIENT-1005,1790738564.36,73.3,98.2,136.1,74.0,16.1,36.5
PATIENT-1002,1790738566.36,77.1,95.5,128.8,85.8,16.5,36.66
PATIENT-1002,1790738568.36,72.1,96.9,108.2,67.3,15.3,36.82
PATIENT-1005,1790738570.36,69.7,98.2,111.5,81.4,19.1,36.97
PATIENT-1005,1790738572.36,63.9,95.4,116.5,88.0,14.0,36.96
PATIENT-1004,1790738574.36,70.7,100.0,138.0,71.8,17.1,36.8
PATIENT-1004,1790738576.36,76.2,98.3,113.8,73.8,14.4,37.5
PATIENT-1002,1790738578.36,76.0,98.0,130.2,75.3,16.9,37.46
PATIENT-1005,1790738580.36,89.3,98.1,133.7,71.3,16.1,37.03
PATIENT-1005,1790738582.36,74.9,97.1,110.8,75.2,17.4,37.35
PATIENT-1003,1790738584.36,79.9,97.0,119.4,82.7,18.3,36.75
PATIENT-1002,1790738586.36,118.2,98.7,77.4,44.9,15.3,37.08
PATIENT-1002,1790738588.36,79.4,98.9,108.3,70.6,14.6,36.81
PATIENT-1002,1790738590.36,88.2,98.6,117.9,82.0,18.5,37.05
PATIENT-1001,1790738592.36,66.3,99.4,118.3,75.6,12.0,37.31
PATIENT-1001,1790738594.36,82.1,99.0,125.6,83.0,19.0,36.85
PATIENT-1001,1790738596.36,85.6,98.3,113.7,80.1,17.9,37.5
PATIENT-1003,1790738598.36,64.7,99.4,122.7,72.7,14.1,37.13
PATIENT-1003,1790738600.36,68.6,98.8,124.3,79.8,15.1,36.89
PATIENT-1002,1790738602.36,82.3,95.7,124.6,73.6,20.0,37.5
PATIENT-1004,1790738604.36,81.0,98.9,115.6,77.7,19.3,37.22
PATIENT-1005,1790738606.36,72.6,97.6,106.8,79.1,13.6,36.83
PATIENT-1004,1790738608.36,87.0,97.9,110.8,81.3,12.0,37.3
PATIENT-1004,1790738610.36,77.5,95.9,122.1,79.9,13.3,36.8
PATIENT-1003,1790738612.36,69.6,97.3,124.8,76.0,16.4,37.09
PATIENT-1001,1790738614.36,80.0,97.9,116.7,81.7,16.8,37.02
PATIENT-1004,1790738616.36,75.7,98.9,121.2,86.2,16.3,37.12
PATIENT-1003,1790738618.36,70.5,99.2,119.0,83.4,16.4,36.79
PATIENT-1004,1790738620.36,76.9,97.5,113.1,73.5,16.9,37.04
PATIENT-1003,1790738622.36,75.8,98.5,189.9,119.7,17.3,36.95
PATIENT-1002,1790738624.36,72.3,98.6,104.9,84.8,18.0,36.83
PATIENT-1003,1790738626.36,69.3,98.7,129.7,82.0,16.2,36.98
PATIENT-1001,1790738628.36,66.6,99.0,122.5,81.9,18.6,37.38
PATIENT-1005,1790738630.36,75.8,98.4,126.4,69.2,14.1,37.5
PATIENT-1005,1790738632.36,74.9,98.6,117.4,80.4,16.6,37.28
PATIENT-1002,1790738634.36,75.2,98.9,123.3,77.5,17.1,36.67
PATIENT-1005,1790738636.36,87.3,97.3,111.1,84.8,13.7,37.15
PATIENT-1005,1790738638.36,80.9,97.9,121.8,74.7,15.8,37.26
PATIENT-1005,1790738640.36,73.3,97.3,131.7,74.5,16.3,36.56
PATIENT-1004,1790738642.36,79.7,99.1,105.4,76.6,16.2,37.14
PATIENT-1003,1790738644.36,79.9,98.2,120.0,84.1,14.8,36.91
PATIENT-1002,1790738646.36,74.3,96.9,129.7,70.0,14.7,37.02
PATIENT-1003,1790738648.36,74.1,98.7,121.9,79.9,17.7,37.18
PATIENT-1002,1790738650.36,71.6,98.1,112.6,76.5,15.1,37.19
PATIENT-1001,1790738652.36,76.3,98.9,118.0,75.3,15.2,36.83
PATIENT-1005,1790738654.36,80.3,97.0,123.2,82.9,16.8,36.99
PATIENT-1004,1790738656.36,79.9,97.9,111.1,88.0,16.3,36.93
PATIENT-1002,1790738658.36,72.0,97.2,118.8,76.2,18.6,36.93
PATIENT-1003,1790738660.36,69.3,99.4,105.4,88.0,16.1,36.7
PATIENT-1005,1790738662.36,69.5,98.4,109.6,78.0,17.6,36.95
PATIENT-1002,1790738664.36,72.3,96.5,128.5,77.9,19.5,37.11
PATIENT-1001,1790738666.36,77.9,98.7,138.0,75.8,14.7,36.65
PATIENT-1003,1790738668.36,77.3,99.8,109.6,79.5,16.1,36.61
PATIENT-1001,1790738670.36,75.4,96.9,128.9,81.9,14.2,36.97
PATIENT-1004,1790738672.36,82.1,97.9,126.9,79.8,14.5,37.01
PATIENT-1004,1790738674.36,126.0,99.2,79.6,41.9,17.9,36.53
PATIENT-1004,1790738676.36,71.3,97.8,116.9,85.3,15.8,36.85
PATIENT-1004,1790738678.36,73.9,97.7,126.4,85.3,17.5,36.93
PATIENT-1002,1790738680.36,86.0,99.2,115.9,79.9,12.0,37.05
PATIENT-1005,1790738682.36,77.7,99.4,124.8,66.2,14.8,37.15
PATIENT-1002,1790738684.36,65.2,97.2,115.9,76.9,15.6,37.5
PATIENT-1003,1790738686.36,72.5,98.2,118.0,81.2,14.4,36.96
PATIENT-1001,1790738688.36,71.9,98.0,114.5,77.1,17.8,36.72
PATIENT-1001,1790738690.36,64.4,98.8,123.7,78.9,16.0,37.01
PATIENT-1003,1790738692.36,74.5,98.2,101.1,79.3,16.5,37.07
PATIENT-1001,1790738694.36,77.8,96.9,117.6,82.8,19.5,36.78
PATIENT-1001,1790738696.36,73.6,97.1,121.7,80.2,16.8,37.04
PATIENT-1002,1790738698.36,81.6,98.0,134.5,69.1,14.2,37.27
PATIENT-1004,1790738700.36,74.8,98.1,124.3,80.9,16.6,36.69
PATIENT-1004,1790738702.36,77.8,97.6,127.0,76.1,16.2,36.95
PATIENT-1001,1790738704.36,74.6,98.6,121.5,79.3,15.5,36.68
PATIENT-1001,1790738706.36,71.5,97.3,111.5,73.9,15.8,36.93
PATIENT-1005,1790738708.36,73.7,97.0,135.4,71.2,16.8,37.22
PATIENT-1001,1790738710.36,63.1,98.6,113.8,79.3,12.9,37.02
PATIENT-1001,1790738712.36,78.3,98.7,107.0,85.0,16.6,36.56
PATIENT-1001,1790738714.36,69.2,99.0,123.6,88.0,20.0,37.14
PATIENT-1001,1790738716.36,79.9,99.2,217.1,113.2,15.1,36.79
PATIENT-1001,1790738718.36,82.2,97.1,131.1,71.0,18.5,36.79
PATIENT-1001,1790738720.36,69.8,96.4,121.3,73.1,14.5,36.77
PATIENT-1002,1790738722.36,65.7,99.3,122.5,73.5,16.9,36.76
PATIENT-1003,1790738724.36,81.8,97.2,122.3,78.4,13.6,37.15
PATIENT-1004,1790738726.36,76.2,99.8,120.9,83.6,14.6,36.83
PATIENT-1005,1790738728.36,75.9,98.7,112.0,77.0,16.8,36.75
PATIENT-1002,1790738730.36,77.5,95.8,118.3,75.6,20.0,37.07
PATIENT-1004,1790738732.36,82.2,97.5,119.8,85.7,16.0,36.84
PATIENT-1003,1790738734.36,81.4,97.9,119.9,76.1,14.3,36.82
PATIENT-1001,1790738736.36,74.8,98.8,119.0,74.5,15.5,36.83
PATIENT-1005,1790738738.36,152.4,97.5,106.7,78.1,14.0,36.97
PATIENT-1004,1790738740.36,75.6,99.6,123.6,82.1,15.3,37.36
PATIENT-1003,1790738742.36,80.9,97.8,122.2,82.1,15.4,37.05
PATIENT-1003,1790738744.36,81.3,98.6,118.6,79.8,14.6,37.09
PATIENT-1002,1790738746.36,78.2,98.5,107.9,72.5,14.1,37.5
PATIENT-1002,1790738748.36,72.8,98.6,120.5,75.2,13.9,37.11
PATIENT-1003,1790738750.36,72.7,96.7,118.5,82.2,16.2,36.67
PATIENT-1002,1790738752.36,74.6,98.8,127.9,78.8,12.0,37.36
PATIENT-1002,1790738754.36,81.2,97.5,122.3,76.1,15.5,36.66
PATIENT-1002,1790738756.36,74.5,99.3,110.6,76.9,17.7,36.9
PATIENT-1002,1790738758.36,57.8,98.0,105.6,84.9,14.4,36.65
PATIENT-1003,1790738760.36,73.2,96.4,124.9,87.4,19.3,36.59
PATIENT-1005,1790738762.36,77.8,98.3,115.7,78.7,14.9,36.91
PATIENT-1002,1790738764.36,73.8,95.7,122.5,82.2,16.2,37.1
PATIENT-1003,1790738766.36,61.8,97.6,115.4,82.7,15.2,37.09
PATIENT-1002,1790738768.36,72.6,98.8,126.3,82.3,14.8,36.79
PATIENT-1002,1790738770.36,77.4,98.4,123.2,75.3,17.2,36.74
PATIENT-1002,1790738772.36,82.0,100.0,119.3,80.8,15.4,36.77
PATIENT-1001,1790738774.36,76.4,97.9,131.0,78.1,12.8,37.16
PATIENT-1002,1790738776.36,70.1,97.4,126.8,74.4,12.1,36.61
PATIENT-1001,1790738778.36,78.4,96.5,122.0,73.0,18.2,37.03
PATIENT-1001,1790738780.36,64.8,96.2,121.6,72.1,20.0,37.23
PATIENT-1003,1790738782.36,83.5,97.9,107.9,73.0,15.5,37.02
PATIENT-1002,1790738784.36,72.5,98.5,125.7,66.4,14.6,37.03
PATIENT-1003,1790738786.36,73.2,97.3,123.5,79.3,12.6,37.23
PATIENT-1005,1790738788.36,82.0,98.9,127.5,71.8,20.0,36.93
PATIENT-1005,1790738790.36,74.1,97.3,114.9,78.4,17.9,36.78
PATIENT-1005,1790738792.36,76.2,98.8,120.7,80.1,12.0,36.83
PATIENT-1004,1790738794.36,67.5,98.6,119.1,70.6,17.9,36.96
PATIENT-1005,1790738796.36,73.3,97.5,116.4,70.8,19.3,37.11
PATIENT-1003,1790738798.36,70.2,98.2,119.4,70.7,14.2,36.98
PATIENT-1003,1790738800.36,80.3,100.0,117.9,83.8,16.9,37.18
PATIENT-1003,1790738802.36,68.3,98.1,119.3,78.3,16.4,37.05
PATIENT-1001,1790738804.36,69.1,95.0,113.3,72.0,18.5,37.04
PATIENT-1005,1790738806.36,69.2,97.0,100.0,72.1,14.5,36.91
PATIENT-1001,1790738808.36,69.2,98.2,132.7,76.6,16.3,37.2
PATIENT-1001,1790738810.36,114.0,97.5,132.4,81.8,20.0,40.46
PATIENT-1002,1790738812.36,72.5,98.1,118.9,77.9,13.0,36.87
PATIENT-1001,1790738814.36,69.4,98.4,131.0,85.7,14.5,37.21
PATIENT-1005,1790738816.36,116.3,97.8,77.8,46.5,17.2,36.5
PATIENT-1005,1790738818.36,83.0,97.1,121.3,82.7,14.5,36.87
PATIENT-1004,1790738820.36,65.9,97.9,123.9,69.8,15.0,36.55
PATIENT-1005,1790738822.36,71.0,98.2,121.4,77.1,18.2,37.21
PATIENT-1005,1790738824.36,88.2,97.1,124.0,80.8,16.7,36.54
PATIENT-1002,1790738826.36,76.1,96.6,124.5,71.2,16.1,37.19
PATIENT-1003,1790738828.36,74.6,98.5,119.0,69.7,15.5,37.36
PATIENT-1004,1790738830.36,72.1,99.6,120.6,81.6,14.6,36.97
PATIENT-1003,1790738832.36,73.0,99.1,114.5,74.6,16.3,36.86
PATIENT-1001,1790738834.36,74.1,99.0,122.2,83.0,16.0,36.5
PATIENT-1003,1790738836.36,71.2,97.0,117.8,79.6,15.7,36.7
PATIENT-1004,1790738838.36,73.4,97.4,130.1,80.4,18.9,36.79
PATIENT-1002,1790738840.36,70.1,97.1,118.9,78.9,16.4,37.21
PATIENT-1005,1790738842.36,73.1,97.4,118.3,80.5,15.8,37.46
PATIENT-1002,1790738844.36,60.1,99.2,123.2,71.6,15.3,37.06
PATIENT-1004,1790738846.36,76.9,98.7,121.7,71.6,16.7,37.24
PATIENT-1005,1790738848.36,74.2,97.2,108.2,86.9,13.6,37.12
PATIENT-1004,1790738850.36,78.3,97.6,120.9,82.5,15.0,36.81
PATIENT-1004,1790738852.36,83.9,98.4,108.3,83.6,14.5,37.3
PATIENT-1003,1790738854.36,75.5,97.7,120.7,77.9,16.5,36.92
PATIENT-1005,1790738856.36,73.1,96.5,125.3,77.4,15.9,36.86
PATIENT-1004,1790738858.36,84.4,96.3,120.5,78.6,18.0,37.18
PATIENT-1003,1790738860.36,79.6,97.8,123.9,82.2,16.0,37.1
PATIENT-1005,1790738862.36,76.7,83.4,118.2,79.7,27.3,37.34
PATIENT-1001,1790738864.36,77.8,97.5,120.3,79.6,17.6,36.83
PATIENT-1005,1790738866.36,83.4,98.1,113.5,75.1,17.3,37.43
PATIENT-1005,1790738868.36,71.0,98.1,132.7,84.1,14.2,36.89
PATIENT-1002,1790738870.36,70.3,97.0,124.3,73.2,17.4,37.18
PATIENT-1003,1790738872.36,80.5,96.4,114.8,77.8,17.8,36.67
PATIENT-1005,1790738874.36,82.2,98.7,119.1,82.4,13.9,36.92
PATIENT-1001,1790738876.36,88.1,97.6,121.0,78.0,19.0,37.2
PATIENT-1001,1790738878.36,68.6,99.7,130.2,79.5,18.6,36.96
PATIENT-1002,1790738880.36,72.2,98.7,104.4,88.0,14.9,36.5
PATIENT-1004,1790738882.36,74.4,98.3,121.4,78.7,18.7,36.67
PATIENT-1002,1790738884.36,81.5,99.2,119.6,67.4,16.4,36.5
PATIENT-1004,1790738886.36,65.2,95.7,121.5,76.8,14.5,37.34
PATIENT-1002,1790738888.36,73.2,98.8,105.9,74.5,17.2,36.88
PATIENT-1004,1790738890.36,79.3,98.6,130.9,69.5,15.4,37.19
PATIENT-1003,1790738892.36,69.6,98.3,123.9,79.7,19.9,37.01
PATIENT-1004,1790738894.36,72.8,98.0,109.2,80.0,17.6,36.67
PATIENT-1005,1790738896.36,61.8,98.9,123.5,65.0,13.5,37.09
PATIENT-1003,1790738898.36,77.9,97.9,124.2,71.9,17.6,36.98
PATIENT-1002,1790738900.36,78.5,97.6,107.5,71.0,15.1,36.98
PATIENT-1004,1790738902.36,151.9,98.2,121.9,76.5,16.6,37.5
PATIENT-1003,1790738904.36,70.1,96.7,117.0,88.0,16.2,37.33
PATIENT-1003,1790738906.36,76.6,99.9,120.0,72.3,17.4,36.69
PATIENT-1004,1790738908.36,85.0,98.6,112.3,76.8,18.3,37.15
PATIENT-1001,1790738910.36,64.9,96.9,112.9,81.4,12.9,36.75
PATIENT-1004,1790738912.36,80.0,97.8,110.0,78.9,18.5,37.02
PATIENT-1005,1790738914.36,86.9,98.5,121.4,84.1,17.1,36.9
PATIENT-1003,1790738916.36,72.9,99.1,129.4,73.8,13.7,36.96
PATIENT-1004,1790738918.36,95.2,99.2,106.3,78.1,17.0,37.16
PATIENT-1002,1790738920.36,74.8,97.2,123.3,85.0,17.5,36.98
PATIENT-1004,1790738922.36,69.2,98.6,109.2,82.4,19.6,37.03
PATIENT-1001,1790738924.36,75.4,98.3,114.7,79.2,18.3,36.79
PATIENT-1001,1790738926.36,76.5,97.2,115.1,74.7,15.0,36.75
PATIENT-1004,1790738928.36,63.9,97.5,138.0,80.6,13.2,37.47
PATIENT-1001,1790738930.36,78.3,98.2,112.3,72.6,15.5,36.93
PATIENT-1004,1790738932.36,61.7,95.9,117.5,80.0,17.5,37.15
PATIENT-1005,1790738934.36,75.5,96.9,111.3,75.1,18.6,36.68
PATIENT-1004,1790738936.36,79.0,98.7,115.4,72.4,17.1,36.96
PATIENT-1003,1790738938.36,78.7,98.1,124.2,80.6,16.7,36.95
PATIENT-1005,1790738940.36,80.8,97.6,123.1,74.4,14.4,36.94
PATIENT-1004,1790738942.36,71.2,96.5,124.4,65.0,17.3,37.1
PATIENT-1003,1790738944.36,67.5,97.6,100.0,82.9,16.8,36.6
PATIENT-1003,1790738946.36,72.4,97.1,115.7,88.0,13.4,36.98
PATIENT-1003,1790738948.36,71.2,97.0,117.6,76.8,19.9,37.21
PATIENT-1004,1790738950.36,68.2,98.9,138.0,84.9,19.1,36.5
PATIENT-1003,1790738952.36,73.0,78.5,118.4,76.4,33.9,36.99
PATIENT-1003,1790738954.36,59.3,96.1,118.9,82.9,14.6,37.08
PATIENT-1001,1790738956.36,71.4,97.9,113.0,73.8,14.6,37.39
PATIENT-1001,1790738958.36,70.1,98.4,117.3,84.8,16.2,36.91
PATIENT-1004,1790738960.36,78.4,99.5,131.2,71.3,13.7,36.74
PATIENT-1003,1790738962.36,83.2,97.8,109.3,88.0,16.1,36.98
PATIENT-1002,1790738964.36,85.8,98.4,126.0,68.0,15.8,37.17
PATIENT-1003,1790738966.36,64.3,96.2,120.8,80.5,14.8,37.06
PATIENT-1004,1790738968.36,78.6,98.0,119.2,78.1,15.7,36.5
PATIENT-1004,1790738970.36,70.4,98.3,118.3,78.9,15.2,37.01
PATIENT-1003,1790738972.36,77.1,98.1,130.8,81.6,18.7,37.34
PATIENT-1005,1790738974.36,79.3,98.7,113.3,70.8,15.2,36.5
PATIENT-1005,1790738976.36,83.8,100.0,127.1,68.0,14.7,37.17
PATIENT-1005,1790738978.36,78.0,98.0,120.0,70.2,15.0,37.39
PATIENT-1003,1790738980.36,84.8,98.3,114.2,69.2,16.5,36.88
PATIENT-1003,1790738982.36,72.5,97.5,119.5,79.7,12.0,36.89
PATIENT-1002,1790738984.36,86.5,97.4,110.0,80.3,15.1,37.19
PATIENT-1003,1790738986.36,84.6,98.6,131.0,73.8,14.3,36.57
PATIENT-1005,1790738988.36,70.8,100.0,126.5,80.6,14.5,37.25
PATIENT-1003,1790738990.36,72.6,98.7,117.3,87.7,16.6,37.22
PATIENT-1003,1790738992.36,79.4,96.1,134.7,79.3,18.7,36.9
PATIENT-1003,1790738994.36,69.8,99.6,118.5,82.5,14.4,36.84
PATIENT-1004,1790738996.36,67.2,99.8,123.2,80.9,15.1,36.79
PATIENT-1005,1790738998.36,75.6,96.9,116.1,74.2,17.7,37.28
PATIENT-1002,1790739000.36,82.1,99.2,115.9,83.5,16.4,37.33
PATIENT-1002,1790739002.36,73.5,98.9,109.7,88.0,14.1,37.08
PATIENT-1001,1790739004.36,71.5,97.8,111.3,77.6,14.2,37.02
PATIENT-1005,1790739006.36,65.6,75.7,123.3,87.1,25.0,37.39
PATIENT-1002,1790739008.36,65.8,96.0,117.1,76.3,18.2,37.49
PATIENT-1004,1790739010.36,73.7,100.0,136.1,78.0,16.3,36.93
PATIENT-1002,1790739012.36,70.4,97.4,115.9,78.8,18.3,36.95
PATIENT-1004,1790739014.36,84.8,97.8,116.2,72.1,14.2,36.85
PATIENT-1004,1790739016.36,71.2,99.7,121.4,71.9,16.3,36.88
PATIENT-1002,1790739018.36,75.1,98.9,119.5,72.1,18.0,37.09
PATIENT-1003,1790739020.36,71.2,99.7,135.3,68.0,18.5,37.13
PATIENT-1005,1790739022.36,72.6,97.0,123.3,82.8,16.2,36.79
PATIENT-1003,1790739024.36,70.3,99.1,116.9,66.8,15.5,36.91
PATIENT-1004,1790739026.36,73.9,98.6,119.3,80.6,17.1,36.5
PATIENT-1001,1790739028.36,76.6,98.2,117.5,74.8,16.6,37.18
PATIENT-1005,1790739030.36,69.6,97.8,130.9,84.0,17.4,37.34
PATIENT-1004,1790739032.36,67.7,98.6,122.6,76.1,16.3,36.84
PATIENT-1001,1790739034.36,82.6,97.8,115.2,88.0,17.4,37.12
PATIENT-1005,1790739036.36,75.5,75.0,119.5,81.4,31.3,37.38
PATIENT-1005,1790739038.36,73.8,99.0,117.3,71.2,18.9,36.88
PATIENT-1005,1790739040.36,76.5,97.7,125.8,76.3,14.6,36.85
PATIENT-1005,1790739042.36,75.3,99.0,120.1,75.5,15.9,37.13
PATIENT-1005,1790739044.36,75.2,98.2,128.4,74.2,16.9,36.92
PATIENT-1005,1790739046.36,78.8,99.3,122.3,75.9,12.0,36.78
PATIENT-1005,1790739048.36,89.9,98.9,122.8,76.6,19.8,37.19
PATIENT-1003,1790739050.36,75.3,96.6,124.4,81.6,17.3,37.22
PATIENT-1003,1790739052.36,75.0,99.8,128.3,71.6,19.2,37.18
PATIENT-1002,1790739054.36,63.9,98.6,127.6,69.8,16.3,37.2
PATIENT-1003,1790739056.36,68.4,95.5,116.8,78.4,15.7,37.12
PATIENT-1003,1790739058.36,79.0,97.6,114.2,83.5,14.3,36.53
PATIENT-1001,1790739060.36,77.1,98.8,130.9,87.9,17.2,36.83
PATIENT-1002,1790739062.36,76.0,96.8,116.8,84.6,17.8,36.8
PATIENT-1002,1790739064.36,84.6,95.7,137.2,79.8,16.0,36.78
PATIENT-1005,1790739066.36,74.7,98.4,126.8,74.8,16.9,36.99
PATIENT-1005,1790739068.36,65.2,96.4,122.6,74.6,16.4,36.83
PATIENT-1002,1790739070.36,74.3,97.3,127.1,77.2,13.9,36.98
PATIENT-1002,1790739072.36,86.0,97.6,100.0,77.9,18.1,37.16
PATIENT-1005,1790739074.36,75.7,98.7,116.7,77.7,16.3,37.19
PATIENT-1004,1790739076.36,75.5,96.9,117.5,79.7,18.8,37.23
PATIENT-1001,1790739078.36,70.8,96.6,118.1,73.2,16.7,37.04
PATIENT-1005,1790739080.36,75.4,97.2,112.6,71.1,15.7,36.74
PATIENT-1002,1790739082.36,80.2,98.5,120.5,80.7,14.2,36.5
PATIENT-1001,1790739084.36,64.8,97.0,112.0,70.2,17.5,36.95
PATIENT-1005,1790739086.36,75.1,98.7,122.2,81.8,15.4,37.05
PATIENT-1002,1790739088.36,73.6,97.8,118.1,80.2,19.9,36.8
PATIENT-1003,1790739090.36,76.8,97.1,135.0,68.9,15.0,36.79
PATIENT-1001,1790739092.36,76.0,98.4,108.4,77.6,19.0,36.85
PATIENT-1005,1790739094.36,70.7,97.9,120.0,84.9,12.0,36.55
PATIENT-1002,1790739096.36,78.2,97.7,113.5,75.2,19.7,36.93
PATIENT-1004,1790739098.36,73.7,99.7,117.3,78.7,16.5,36.73
PATIENT-1003,1790739100.36,76.7,96.8,132.9,73.2,13.0,37.05
PATIENT-1003,1790739102.36,75.4,96.6,108.4,81.9,17.8,36.95
PATIENT-1003,1790739104.36,74.8,98.7,125.6,71.1,17.2,36.87
PATIENT-1001,1790739106.36,76.6,99.3,120.2,80.8,16.4,37.16
PATIENT-1002,1790739108.36,82.5,98.5,124.8,65.0,15.4,37.06
PATIENT-1001,1790739110.36,166.7,100.0,117.4,71.4,17.9,37.5
PATIENT-1005,1790739112.36,75.4,98.7,130.0,78.7,12.0,37.5
PATIENT-1004,1790739114.36,71.5,99.6,132.0,81.0,15.3,37.06
PATIENT-1004,1790739116.36,75.8,97.1,109.9,80.0,18.2,37.07
PATIENT-1005,1790739118.36,76.7,98.3,109.1,74.6,14.8,37.42
PATIENT-1003,1790739120.36,78.7,96.7,124.5,81.0,12.5,37.02
PATIENT-1001,1790739122.36,75.9,97.7,129.2,76.1,14.2,37.01
PATIENT-1002,1790739124.36,76.8,97.7,118.0,83.2,17.7,37.46
PATIENT-1004,1790739126.36,83.1,97.4,125.9,79.0,14.9,36.91
PATIENT-1001,1790739128.36,74.7,96.9,115.1,71.2,15.2,36.82
PATIENT-1003,1790739130.36,64.2,97.9,123.3,77.8,19.1,37.14
PATIENT-1004,1790739132.36,85.2,99.9,113.3,73.7,12.4,37.26
PATIENT-1002,1790739134.36,71.5,96.9,119.5,85.6,17.0,36.89
PATIENT-1004,1790739136.36,75.0,96.7,114.9,81.8,13.6,37.29
PATIENT-1005,1790739138.36,79.9,97.2,123.3,73.8,19.8,36.74
PATIENT-1004,1790739140.36,80.6,97.6,114.4,83.1,16.9,36.63
PATIENT-1003,1790739142.36,80.4,97.0,138.0,86.6,14.8,36.5
PATIENT-1005,1790739144.36,71.1,96.3,120.6,78.4,14.3,36.71
PATIENT-1003,1790739146.36,78.5,95.9,132.7,78.4,14.7,37.42
PATIENT-1003,1790739148.36,74.7,98.8,119.0,75.6,16.3,37.08
PATIENT-1005,1790739150.36,79.6,96.7,113.3,80.0,17.2,36.9
PATIENT-1001,1790739152.36,77.0,98.5,121.4,79.9,16.7,36.88
PATIENT-1003,1790739154.36,81.1,98.5,111.4,76.8,15.0,36.99
PATIENT-1004,1790739156.36,64.2,98.9,133.0,78.9,13.5,37.44
PATIENT-1001,1790739158.36,71.7,98.5,126.4,75.1,16.9,36.66
PATIENT-1002,1790739160.36,72.6,98.0,120.5,70.0,17.4,36.53
PATIENT-1005,1790739162.36,75.1,97.3,115.3,69.0,17.7,37.22
PATIENT-1005,1790739164.36,75.0,99.2,124.3,75.7,15.4,36.9
PATIENT-1003,1790739166.36,71.1,97.1,127.8,72.7,18.5,36.86
PATIENT-1003,1790739168.36,78.6,99.5,108.9,78.1,15.3,36.68
PATIENT-1003,1790739170.36,75.3,99.5,112.8,78.2,16.6,37.28
PATIENT-1003,1790739172.36,80.9,97.5,115.4,79.0,16.2,37.2
PATIENT-1001,1790739174.36,68.7,98.1,119.1,76.8,16.2,36.61
PATIENT-1001,1790739176.36,79.9,97.8,121.5,82.1,12.6,37.16
PATIENT-1004,1790739178.36,66.0,98.8,125.3,73.8,17.2,36.95
PATIENT-1002,1790739180.36,81.1,97.8,118.3,82.6,17.1,37.47
PATIENT-1003,1790739182.36,77.5,98.0,128.3,67.7,18.8,36.95
PATIENT-1002,1790739184.36,80.1,97.9,116.0,78.2,14.0,37.32
PATIENT-1001,1790739186.36,79.6,97.8,107.0,75.7,19.9,36.82
PATIENT-1003,1790739188.36,71.4,97.5,115.8,76.4,13.9,37.12
PATIENT-1002,1790739190.36,70.6,98.2,111.8,79.8,14.5,36.89
PATIENT-1004,1790739192.36,80.1,96.4,118.6,75.4,17.7,37.5
PATIENT-1001,1790739194.36,68.5,97.9,121.9,69.3,16.5,36.5
PATIENT-1004,1790739196.36,74.5,96.4,122.2,80.6,20.0,36.78
PATIENT-1005,1790739198.36,80.4,96.6,103.0,79.3,16.6,37.39
PATIENT-1002,1790739200.36,74.1,98.3,115.6,86.1,15.3,37.08
PATIENT-1005,1790739202.36,68.7,99.6,110.6,65.7,14.6,36.89
PATIENT-1002,1790739204.36,72.5,97.1,125.7,82.4,14.5,36.93
PATIENT-1002,1790739206.36,81.2,97.2,111.2,80.7,15.5,36.79
PATIENT-1002,1790739208.36,69.4,97.6,115.7,69.3,15.0,36.96
PATIENT-1005,1790739210.36,74.9,97.7,133.2,82.1,15.6,36.8
PATIENT-1004,1790739212.36,74.6,99.6,137.9,75.5,14.5,37.19
PATIENT-1005,1790739214.36,78.4,96.8,126.6,75.7,15.3,36.92
PATIENT-1001,1790739216.36,86.7,96.6,108.7,79.9,15.9,36.8
PATIENT-1001,1790739218.36,68.6,98.0,121.0,74.3,15.6,36.84
PATIENT-1001,1790739220.36,73.0,100.0,129.4,76.8,15.8,37.0
PATIENT-1002,1790739222.36,73.2,97.8,125.0,83.9,17.7,37.12
PATIENT-1002,1790739224.36,67.0,99.4,128.2,74.4,16.2,37.02
PATIENT-1003,1790739226.36,76.7,98.5,126.3,75.4,15.3,36.95
PATIENT-1001,1790739228.36,73.0,98.1,130.2,79.1,18.6,37.18
PATIENT-1002,1790739230.36,79.4,98.0,115.8,83.8,15.5,36.9
PATIENT-1005,1790739232.36,67.6,97.7,122.2,78.6,16.3,36.89
PATIENT-1003,1790739234.36,75.7,97.1,107.5,84.9,13.7,37.35
PATIENT-1005,1790739236.36,69.8,96.2,105.3,78.6,13.6,36.53
PATIENT-1005,1790739238.36,75.0,97.9,119.8,83.3,12.9,36.97
PATIENT-1003,1790739240.36,71.3,97.5,122.0,85.4,14.3,36.7
PATIENT-1001,1790739242.36,79.6,99.1,118.7,77.3,16.1,37.2
PATIENT-1004,1790739244.36,76.9,98.3,117.2,83.9,15.9,37.29
PATIENT-1002,1790739246.36,67.8,95.1,128.4,83.3,13.2,37.23
PATIENT-1005,1790739248.36,71.1,97.3,127.7,80.5,15.5,36.74
PATIENT-1001,1790739250.36,75.4,96.1,117.4,79.1,18.1,36.69
PATIENT-1003,1790739252.36,70.3,98.4,115.3,87.6,14.5,37.27
PATIENT-1005,1790739254.36,73.5,99.0,138.0,87.5,14.8,37.02
PATIENT-1005,1790739256.36,73.0,99.5,113.9,88.0,18.9,36.85
PATIENT-1002,1790739258.36,80.9,98.6,120.9,78.0,16.6,37.22
PATIENT-1005,1790739260.36,71.6,97.6,118.5,74.6,13.8,36.74
PATIENT-1004,1790739262.36,67.9,97.1,105.3,71.3,15.2,36.92
PATIENT-1005,1790739264.36,81.8,98.5,119.7,81.0,20.0,36.87
PATIENT-1002,1790739266.36,76.5,99.0,110.5,77.9,16.6,36.78
PATIENT-1005,1790739268.36,76.5,97.8,120.2,73.7,18.8,36.86
PATIENT-1003,1790739270.36,79.3,98.4,136.4,77.7,14.6,37.16
PATIENT-1002,1790739272.36,76.1,97.9,110.8,79.4,14.6,36.59
PATIENT-1002,1790739274.36,73.9,96.5,126.3,76.0,15.7,36.77
PATIENT-1004,1790739276.36,67.3,99.0,117.9,77.1,15.4,37.01
PATIENT-1002,1790739278.36,65.2,97.9,105.2,71.8,14.7,36.7
PATIENT-1003,1790739280.36,75.1,98.7,128.4,66.9,19.0,37.13
PATIENT-1005,1790739282.36,83.0,97.9,122.3,78.8,15.9,37.19
PATIENT-1003,1790739284.36,78.7,97.6,112.3,79.5,18.2,36.86
PATIENT-1005,1790739286.36,75.5,98.6,121.9,79.0,15.4,37.0
PATIENT-1003,1790739288.36,73.7,98.6,124.4,80.8,12.9,36.72
PATIENT-1004,1790739290.36,76.1,96.5,117.8,71.5,15.5,37.16
PATIENT-1004,1790739292.36,70.7,98.9,135.8,73.5,16.3,37.19
PATIENT-1002,1790739294.36,63.7,98.5,129.4,76.5,16.9,37.16
PATIENT-1003,1790739296.36,73.4,96.9,117.6,73.1,15.7,37.16
PATIENT-1004,1790739298.36,78.4,96.4,118.0,80.7,14.0,37.4
PATIENT-1001,1790739300.36,72.1,98.7,108.4,79.6,20.0,36.87
PATIENT-1001,1790739302.36,76.3,96.4,106.5,82.7,17.9,37.15
PATIENT-1002,1790739304.36,81.6,97.1,128.2,73.9,13.9,37.07
PATIENT-1005,1790739306.36,70.6,98.7,127.1,88.0,18.2,37.17
PATIENT-1003,1790739308.36,123.9,98.2,123.6,83.5,12.6,39.74
PATIENT-1003,1790739310.36,80.0,97.5,115.6,78.8,20.0,36.94
PATIENT-1002,1790739312.36,73.3,98.8,128.3,80.6,15.8,36.96
PATIENT-1002,1790739314.36,69.4,97.8,106.7,65.0,13.6,37.1
PATIENT-1005,1790739316.36,80.8,96.0,111.1,79.0,16.3,37.25
PATIENT-1004,1790739318.36,68.4,98.3,110.7,80.6,16.3,37.12
PATIENT-1004,1790739320.36,80.3,99.1,129.1,79.5,18.1,36.88
PATIENT-1005,1790739322.36,78.5,97.5,128.2,79.8,14.7,37.12
PATIENT-1005,1790739324.36,72.5,97.1,129.5,74.0,14.8,37.21
PATIENT-1005,1790739326.36,74.7,98.8,116.3,76.2,19.9,37.07
PATIENT-1004,1790739328.36,68.6,98.7,125.3,73.4,16.8,36.84
PATIENT-1005,1790739330.36,73.3,96.9,123.1,77.6,14.9,37.07
PATIENT-1004,1790739332.36,77.1,97.1,123.0,82.5,12.9,36.92
PATIENT-1003,1790739334.36,83.1,98.5,122.3,74.2,15.0,37.24
PATIENT-1002,1790739336.36,66.8,99.3,112.1,66.3,16.2,36.96
PATIENT-1005,1790739338.36,81.0,96.7,104.1,83.1,17.9,36.5
PATIENT-1002,1790739340.36,65.2,99.7,129.1,67.4,16.2,37.21
PATIENT-1003,1790739342.36,77.7,98.9,122.6,77.4,17.9,37.2
PATIENT-1003,1790739344.36,79.2,98.3,116.7,77.6,18.4,36.83
PATIENT-1002,1790739346.36,70.5,97.6,118.7,76.0,17.2,37.3
PATIENT-1001,1790739348.36,67.8,96.0,110.2,80.7,16.4,37.29
PATIENT-1003,1790739350.36,73.6,96.9,111.0,79.7,16.5,36.96
PATIENT-1001,1790739352.36,76.0,96.4,127.6,72.9,20.0,37.11
PATIENT-1003,1790739354.36,87.8,97.7,128.0,73.5,19.1,36.99
PATIENT-1003,1790739356.36,81.4,97.3,130.1,80.6,20.0,37.06
PATIENT-1004,1790739358.36,63.3,98.3,117.2,72.2,18.7,36.82
PATIENT-1003,1790739360.36,69.5,96.3,129.1,79.1,16.8,36.99
PATIENT-1001,1790739362.36,88.3,97.6,127.8,77.9,12.0,36.54
PATIENT-1002,1790739364.36,67.6,97.7,114.3,73.2,18.3,36.76
PATIENT-1004,1790739366.36,78.4,98.7,128.0,75.5,17.6,36.76
PATIENT-1004,1790739368.36,79.6,96.5,111.8,80.8,15.4,37.37
PATIENT-1001,1790739370.36,78.2,98.0,112.9,74.3,16.2,36.89
PATIENT-1001,1790739372.36,83.9,98.0,133.2,75.6,18.0,37.15
PATIENT-1004,1790739374.36,176.0,98.4,119.9,82.6,17.5,36.92
PATIENT-1002,1790739376.36,73.8,97.6,118.4,77.5,13.9,37.37
PATIENT-1005,1790739378.36,72.7,97.4,106.4,88.0,15.9,36.68
PATIENT-1002,1790739380.36,72.9,99.4,115.0,67.0,16.7,36.79
PATIENT-1001,1790739382.36,67.0,98.8,103.5,78.9,15.7,36.86
PATIENT-1003,1790739384.36,72.4,97.4,130.4,82.9,17.1,36.89
PATIENT-1004,1790739386.36,82.9,99.5,118.6,74.6,15.5,37.07
PATIENT-1004,1790739388.36,68.2,98.7,122.1,79.1,18.0,37.14
PATIENT-1003,1790739390.36,78.3,97.6,103.4,85.6,17.3,37.14
PATIENT-1005,1790739392.36,62.2,98.2,125.2,76.3,15.4,37.22
PATIENT-1004,1790739394.36,74.2,97.5,132.5,70.2,17.5,36.85
PATIENT-1005,1790739396.36,77.9,98.1,111.8,84.2,16.2,37.45
PATIENT-1005,1790739398.36,81.8,97.9,116.1,75.5,17.3,37.06
PATIENT-1002,1790739400.36,81.1,97.1,116.6,70.7,14.8,36.83
PATIENT-1002,1790739402.36,75.7,97.8,131.4,76.0,13.7,36.94
PATIENT-1002,1790739404.36,75.8,98.8,125.5,79.4,14.9,37.1
PATIENT-1002,1790739406.36,65.9,98.7,123.2,79.2,15.4,36.85
PATIENT-1001,1790739408.36,79.5,96.3,122.2,80.9,14.8,37.07
PATIENT-1005,1790739410.36,68.5,98.8,121.2,86.4,14.2,37.3
PATIENT-1001,1790739412.36,77.3,98.1,114.4,81.3,18.2,36.94
PATIENT-1003,1790739414.36,78.3,98.6,102.1,82.9,12.0,37.07
PATIENT-1005,1790739416.36,76.0,98.1,115.9,80.7,17.1,37.27
PATIENT-1001,1790739418.36,79.7,78.3,112.2,70.4,24.1,36.71
PATIENT-1003,1790739420.36,76.1,98.4,134.9,80.9,18.4,36.89
PATIENT-1003,1790739422.36,74.6,99.0,103.2,81.1,16.9,37.18
PATIENT-1002,1790739424.36,79.4,98.3,121.8,75.7,15.7,37.42
PATIENT-1001,1790739426.36,74.5,98.2,112.4,73.7,18.2,36.8
PATIENT-1004,1790739428.36,82.2,98.8,114.2,71.9,18.4,36.72
PATIENT-1005,1790739430.36,72.5,98.4,111.0,83.3,14.0,36.86
PATIENT-1004,1790739432.36,85.7,97.1,126.4,88.0,14.4,37.2
PATIENT-1001,1790739434.36,83.2,96.8,110.6,83.5,18.2,36.77
PATIENT-1005,1790739436.36,72.2,98.7,119.9,77.1,16.1,36.93
PATIENT-1001,1790739438.36,70.7,97.7,115.1,82.6,15.4,36.64
PATIENT-1004,1790739440.36,72.3,97.0,112.4,81.2,16.7,36.89
PATIENT-1004,1790739442.36,73.7,97.7,112.2,81.4,16.6,37.23
PATIENT-1005,1790739444.36,67.9,98.4,116.6,72.8,18.1,37.19
PATIENT-1004,1790739446.36,77.1,97.2,107.6,81.6,14.5,37.09
PATIENT-1003,1790739448.36,73.0,98.9,111.6,81.8,18.9,36.82
PATIENT-1003,1790739450.36,72.6,98.1,128.6,78.7,14.4,36.86
PATIENT-1001,1790739452.36,67.3,98.2,138.0,81.0,14.1,37.27
PATIENT-1001,1790739454.36,71.9,97.9,119.9,85.7,14.1,37.02
PATIENT-1003,1790739456.36,66.0,99.4,115.0,68.2,20.0,36.85
PATIENT-1002,1790739458.36,65.6,96.8,120.1,74.2,15.5,37.04
PATIENT-1003,1790739460.36,82.5,97.5,133.2,80.5,17.0,36.64
PATIENT-1005,1790739462.36,68.8,97.6,122.8,79.5,15.4,36.75
PATIENT-1002,1790739464.36,77.6,98.1,130.6,65.3,15.8,37.03
PATIENT-1001,1790739466.36,75.0,98.9,116.1,75.6,14.3,37.2
PATIENT-1004,1790739468.36,75.8,98.4,121.5,82.7,19.0,36.83
PATIENT-1001,1790739470.36,83.0,98.3,133.5,78.8,16.7,36.9
PATIENT-1001,1790739472.36,75.2,96.1,126.9,80.8,15.1,36.95
PATIENT-1001,1790739474.36,73.5,98.6,120.1,73.6,18.7,36.89
PATIENT-1005,1790739476.36,83.6,98.6,101.6,84.9,16.2,37.17
PATIENT-1001,1790739478.36,75.4,99.4,111.9,74.2,17.2,36.75
PATIENT-1003,1790739480.36,72.4,98.7,111.7,82.8,15.3,37.03
PATIENT-1003,1790739482.36,73.4,97.7,127.4,82.4,15.7,36.5
PATIENT-1005,1790739484.36,70.8,99.4,121.6,88.0,16.0,37.33
PATIENT-1002,1790739486.36,81.7,98.8,129.9,75.9,12.1,36.66
PATIENT-1004,1790739488.36,76.7,97.8,118.8,71.2,17.3,36.91
PATIENT-1002,1790739490.36,66.5,97.6,114.4,75.5,13.5,37.12
PATIENT-1003,1790739492.36,70.8,95.9,108.8,75.7,16.7,36.99
PATIENT-1002,1790739494.36,79.0,98.0,129.8,70.5,18.8,36.74
PATIENT-1001,1790739496.36,80.3,98.0,106.2,73.1,16.1,37.21
PATIENT-1002,1790739498.36,78.8,100.0,120.8,83.6,14.9,37.06
PATIENT-1004,1790739500.36,73.1,98.7,122.4,73.3,15.1,36.87
PATIENT-1001,1790739502.36,75.1,97.8,118.4,82.4,14.9,37.02
PATIENT-1001,1790739504.36,78.3,99.0,123.6,73.8,14.1,36.99
PATIENT-1002,1790739506.36,70.7,100.0,132.2,76.3,16.7,37.01
PATIENT-1005,1790739508.36,66.6,98.0,122.9,79.7,15.1,36.92
PATIENT-1004,1790739510.36,76.9,97.2,101.5,72.9,17.5,36.72
PATIENT-1001,1790739512.36,77.0,97.4,115.8,86.6,18.1,37.06
PATIENT-1005,1790739514.36,145.6,98.1,119.3,73.6,13.5,37.13
PATIENT-1001,1790739516.36,79.4,97.9,119.6,75.3,15.2,36.95
PATIENT-1002,1790739518.36,83.5,99.1,130.6,70.1,17.1,37.08
PATIENT-1005,1790739520.36,70.8,98.7,121.9,77.7,14.9,37.38
PATIENT-1003,1790739522.36,73.3,97.3,122.7,84.4,16.5,36.87
PATIENT-1001,1790739524.36,70.9,96.4,125.0,72.8,15.8,37.04
PATIENT-1005,1790739526.36,72.6,97.0,124.6,80.1,15.5,37.45
PATIENT-1002,1790739528.36,79.4,97.9,107.2,79.7,17.3,37.19
PATIENT-1005,1790739530.36,75.0,98.7,115.3,85.1,17.7,37.42
PATIENT-1002,1790739532.36,74.1,98.1,111.6,81.0,14.8,36.72
PATIENT-1003,1790739534.36,69.6,97.4,122.9,78.9,17.9,37.37
PATIENT-1002,1790739536.36,84.4,97.4,112.6,75.9,14.7,36.95
PATIENT-1001,1790739538.36,78.1,99.1,133.7,81.3,14.7,36.55
PATIENT-1001,1790739540.36,69.7,98.8,114.2,76.0,17.4,36.82
PATIENT-1004,1790739542.36,68.5,99.1,119.3,76.5,12.9,37.06
PATIENT-1001,1790739544.36,78.0,97.6,114.0,81.9,16.1,37.04
PATIENT-1004,1790739546.36,72.7,99.1,114.8,80.0,14.6,36.77
PATIENT-1001,1790739548.36,67.4,97.4,128.6,74.9,15.2,36.79
PATIENT-1001,1790739550.36,84.2,97.6,121.9,82.1,18.1,36.74
PATIENT-1005,1790739552.36,83.4,97.7,114.2,85.8,20.0,36.83
PATIENT-1005,1790739554.36,71.8,97.7,127.0,73.6,13.1,36.94
PATIENT-1001,1790739556.36,79.6,97.5,126.4,81.2,16.1,37.18
PATIENT-1001,1790739558.36,77.0,97.7,127.1,78.4,15.8,36.77
PATIENT-1002,1790739560.36,76.6,97.7,125.2,75.7,18.3,37.48
PATIENT-1001,1790739562.36,64.6,95.9,126.9,80.4,14.2,37.34
PATIENT-1004,1790739564.36,84.9,96.3,125.4,73.3,14.0,36.55
PATIENT-1002,1790739566.36,76.5,98.5,112.9,80.2,16.3,36.75
PATIENT-1001,1790739568.36,70.9,99.5,124.0,74.4,14.1,37.0
PATIENT-1005,1790739570.36,80.1,97.2,124.1,82.4,12.8,36.99
PATIENT-1001,1790739572.36,85.2,95.6,127.4,75.7,13.0,36.94
PATIENT-1002,1790739574.36,64.8,100.0,120.8,71.8,14.5,36.79
PATIENT-1005,1790739576.36,88.2,99.2,124.6,86.7,16.8,37.19
PATIENT-1004,1790739578.36,73.0,98.5,122.0,75.3,14.6,37.11
PATIENT-1002,1790739580.36,72.9,98.2,127.6,76.9,15.6,36.98
PATIENT-1002,1790739582.36,77.4,97.6,109.5,73.5,15.6,37.11
PATIENT-1001,1790739584.36,77.0,97.9,214.5,114.9,12.0,37.16
PATIENT-1004,1790739586.36,65.9,96.3,122.1,76.6,17.7,37.22
PATIENT-1003,1790739588.36,68.8,98.9,106.6,65.0,13.5,37.5
PATIENT-1003,1790739590.36,72.1,98.7,128.4,75.5,16.4,37.31
PATIENT-1005,1790739592.36,78.9,98.5,125.4,78.0,20.0,36.97
PATIENT-1005,1790739594.36,76.2,98.1,133.6,82.0,16.1,37.23
PATIENT-1005,1790739596.36,70.3,97.9,126.7,79.7,17.0,36.94
PATIENT-1002,1790739598.36,118.3,97.0,80.3,50.6,17.9,37.39
PATIENT-1001,1790739600.36,76.6,99.5,126.7,79.3,17.6,36.99
PATIENT-1004,1790739602.36,70.8,97.5,114.0,79.7,16.6,37.16
PATIENT-1005,1790739604.36,69.9,97.7,114.2,81.4,15.6,37.08
PATIENT-1002,1790739606.36,60.8,99.3,125.6,74.5,16.3,37.5
PATIENT-1001,1790739608.36,69.8,97.4,119.3,82.2,16.8,36.73
PATIENT-1004,1790739610.36,72.2,96.9,132.6,77.2,17.2,36.84
PATIENT-1004,1790739612.36,80.7,99.6,129.0,77.5,16.9,37.5
PATIENT-1003,1790739614.36,61.1,96.9,114.6,74.2,17.2,36.89
PATIENT-1002,1790739616.36,79.2,96.3,116.6,81.3,16.3,37.05
PATIENT-1004,1790739618.36,108.9,96.7,122.7,80.6,19.5,39.93
PATIENT-1002,1790739620.36,78.7,98.2,120.8,76.7,16.3,36.84
PATIENT-1002,1790739622.36,70.6,98.9,130.8,77.7,18.2,36.64
PATIENT-1003,1790739624.36,73.7,96.5,112.0,78.2,16.6,36.82
PATIENT-1005,1790739626.36,64.9,97.5,118.8,71.9,17.2,37.04
PATIENT-1001,1790739628.36,73.4,96.9,125.3,80.2,17.2,36.76
PATIENT-1001,1790739630.36,69.5,98.8,129.1,74.7,16.6,37.38
PATIENT-1005,1790739632.36,78.1,99.2,113.8,82.8,16.3,36.96
PATIENT-1005,1790739634.36,80.3,97.8,114.3,84.6,12.0,36.92
PATIENT-1004,1790739636.36,82.1,97.4,133.3,77.5,17.1,37.3
PATIENT-1005,1790739638.36,73.9,98.4,119.1,74.6,16.7,36.75
PATIENT-1004,1790739640.36,87.9,95.0,116.0,71.7,14.9,37.25
PATIENT-1003,1790739642.36,70.3,99.0,129.2,80.1,15.7,37.16
PATIENT-1003,1790739644.36,79.7,99.6,126.4,73.8,14.4,37.3
PATIENT-1001,1790739646.36,119.6,98.6,74.9,46.2,12.0,37.07
PATIENT-1001,1790739648.36,74.0,97.8,128.1,81.2,19.9,36.7
PATIENT-1005,1790739650.36,80.4,99.2,122.7,74.3,16.9,37.1
PATIENT-1003,1790739652.36,80.0,99.8,123.3,72.5,14.4,37.0
PATIENT-1003,1790739654.36,68.0,97.2,109.8,78.8,17.8,37.08
PATIENT-1003,1790739656.36,79.9,99.1,117.8,84.4,13.8,36.9
PATIENT-1005,1790739658.36,81.3,98.6,121.8,88.0,16.9,36.91
PATIENT-1005,1790739660.36,70.6,98.1,130.6,78.7,13.6,36.91
PATIENT-1004,1790739662.36,73.2,98.9,106.9,76.5,15.2,37.02
PATIENT-1005,1790739664.36,74.2,98.8,111.0,83.9,15.1,37.12
PATIENT-1001,1790739666.36,71.7,98.6,114.7,79.9,14.6,37.41
PATIENT-1002,1790739668.36,70.7,98.5,114.7,80.3,17.1,36.76
PATIENT-1005,1790739670.36,63.4,97.6,127.6,80.1,17.4,37.27
PATIENT-1004,1790739672.36,83.2,97.6,120.1,82.3,16.9,36.56
PATIENT-1001,1790739674.36,73.4,100.0,127.2,76.6,17.3,36.86
PATIENT-1002,1790739676.36,81.2,98.1,125.4,76.6,13.6,36.76
PATIENT-1004,1790739678.36,76.8,98.0,112.0,71.2,15.4,36.73
PATIENT-1003,1790739680.36,165.5,98.0,114.2,74.2,16.4,36.92
PATIENT-1003,1790739682.36,82.8,96.3,114.3,77.6,17.6,37.16
PATIENT-1002,1790739684.36,60.6,96.4,126.1,76.7,14.3,37.31
PATIENT-1002,1790739686.36,77.9,97.9,123.7,71.9,14.8,37.41
PATIENT-1005,1790739688.36,71.4,98.3,102.5,84.9,17.5,37.03
PATIENT-1003,1790739690.36,83.2,98.1,113.5,74.3,12.6,36.75
PATIENT-1002,1790739692.36,67.3,98.8,134.8,76.3,12.9,37.01
PATIENT-1003,1790739694.36,78.7,99.3,121.1,73.6,16.6,36.94
PATIENT-1004,1790739696.36,75.3,80.4,119.5,84.7,26.8,37.41
PATIENT-1001,1790739698.36,117.4,97.2,126.1,82.5,12.6,39.71
PATIENT-1004,1790739700.36,73.1,97.7,133.5,78.8,19.3,36.66
PATIENT-1002,1790739702.36,82.9,98.0,109.1,76.7,15.8,37.0
PATIENT-1005,1790739704.36,77.3,97.8,123.8,88.0,15.3,36.78
PATIENT-1004,1790739706.36,66.9,98.6,118.7,76.0,12.0,37.22
PATIENT-1003,1790739708.36,76.0,97.8,123.1,71.9,18.2,36.82
PATIENT-1003,1790739710.36,79.8,99.6,129.0,71.9,15.8,36.91
PATIENT-1005,1790739712.36,75.9,98.3,121.2,72.5,16.0,37.41
PATIENT-1001,1790739714.36,76.0,98.7,127.2,88.0,16.1,37.24
PATIENT-1005,1790739716.36,74.9,98.3,131.4,78.7,13.3,36.98
PATIENT-1003,1790739718.36,72.7,97.1,115.0,80.2,15.4,37.42
PATIENT-1002,1790739720.36,74.0,97.6,124.5,79.9,13.6,36.94
PATIENT-1002,1790739722.36,83.6,97.3,117.0,88.0,13.5,37.21
PATIENT-1002,1790739724.36,69.9,97.5,136.3,88.0,15.2,36.81
PATIENT-1003,1790739726.36,73.0,99.1,119.6,79.0,16.5,37.13
PATIENT-1001,1790739728.36,87.1,98.8,116.6,76.0,16.2,37.27
PATIENT-1004,1790739730.36,74.6,98.1,118.9,72.1,15.2,36.74
PATIENT-1001,1790739732.36,68.5,96.7,114.2,87.9,16.8,37.22
PATIENT-1004,1790739734.36,84.8,96.3,122.1,71.6,14.6,37.25
PATIENT-1003,1790739736.36,66.4,96.9,116.6,79.7,16.2,36.63
PATIENT-1003,1790739738.36,78.0,96.0,132.3,85.5,17.6,36.94
PATIENT-1003,1790739740.36,60.9,99.6,117.2,74.0,19.1,37.5
PATIENT-1001,1790739742.36,84.7,98.1,113.3,76.3,18.3,37.01
PATIENT-1003,1790739744.36,75.2,98.1,128.8,83.4,20.0,37.08
PATIENT-1001,1790739746.36,71.3,97.9,113.7,76.1,19.3,36.82
PATIENT-1001,1790739748.36,87.8,98.5,116.5,80.9,14.0,37.21
PATIENT-1002,1790739750.36,72.0,98.2,116.4,79.6,15.0,36.88
PATIENT-1002,1790739752.36,78.3,97.5,124.9,74.3,16.2,36.91
PATIENT-1001,1790739754.36,77.2,97.1,120.9,84.3,14.4,36.63
PATIENT-1003,1790739756.36,76.1,98.6,112.7,87.7,14.4,37.26
PATIENT-1005,1790739758.36,72.6,97.4,132.6,73.7,15.4,36.66
PATIENT-1005,1790739760.36,67.2,98.2,115.7,77.4,14.7,36.92
PATIENT-1002,1790739762.36,86.9,98.8,131.8,71.6,12.6,36.86
PATIENT-1002,1790739764.36,67.6,97.5,122.8,74.0,16.1,36.63
PATIENT-1002,1790739766.36,69.9,98.7,124.0,79.9,17.1,37.08
PATIENT-1002,1790739768.36,65.6,97.7,100.4,77.1,17.5,36.87
PATIENT-1002,1790739770.36,68.5,99.2,110.9,71.9,13.9,36.92
PATIENT-1001,1790739772.36,74.1,99.3,131.7,84.8,15.7,36.76
PATIENT-1005,1790739774.36,76.1,97.5,114.3,75.5,14.8,36.5
PATIENT-1002,1790739776.36,70.5,96.5,107.8,79.3,16.3,36.75
PATIENT-1003,1790739778.36,82.8,97.5,125.5,73.7,16.3,37.02
PATIENT-1004,1790739780.36,79.8,97.4,121.5,79.9,19.9,36.73
PATIENT-1003,1790739782.36,85.1,98.0,134.1,83.3,16.1,37.26
PATIENT-1004,1790739784.36,75.0,97.4,126.5,83.2,14.7,36.63
PATIENT-1005,1790739786.36,77.8,98.4,113.1,76.3,12.0,37.05
PATIENT-1001,1790739788.36,73.1,99.1,113.9,78.0,16.1,37.05
PATIENT-1004,1790739790.36,82.1,98.3,129.2,74.8,16.4,36.91
PATIENT-1002,1790739792.36,84.2,96.5,124.0,68.1,17.2,37.14
PATIENT-1003,1790739794.36,72.7,98.0,113.9,82.1,18.0,37.26
PATIENT-1003,1790739796.36,81.1,96.7,119.6,72.2,15.2,36.72
PATIENT-1001,1790739798.36,73.4,77.5,127.4,77.9,31.8,36.97
PATIENT-1003,1790739800.36,70.2,98.7,118.4,68.7,17.5,36.96
PATIENT-1003,1790739802.36,78.4,97.0,116.2,80.3,16.1,37.05
PATIENT-1005,1790739804.36,69.8,96.8,116.3,71.3,13.8,36.5
PATIENT-1002,1790739806.36,156.5,98.4,122.9,80.4,14.5,36.5
PATIENT-1005,1790739808.36,81.7,97.7,121.6,67.1,17.0,36.97
PATIENT-1001,1790739810.36,76.4,98.8,124.1,75.7,16.2,37.18
PATIENT-1002,1790739812.36,152.3,96.7,114.8,73.8,15.8,36.85
PATIENT-1001,1790739814.36,69.3,96.2,122.9,77.4,19.0,36.65
PATIENT-1004,1790739816.36,79.5,96.7,117.7,79.0,12.5,37.04
PATIENT-1003,1790739818.36,76.0,99.1,124.5,75.9,13.2,37.24
PATIENT-1003,1790739820.36,80.3,97.9,128.6,81.2,15.4,36.71
PATIENT-1003,1790739822.36,80.5,96.9,114.0,72.9,15.1,37.06
PATIENT-1001,1790739824.36,71.7,99.0,132.5,73.8,14.3,36.78
PATIENT-1002,1790739826.36,80.2,97.7,123.6,77.0,16.7,37.0
PATIENT-1001,1790739828.36,62.2,97.4,120.4,73.4,18.5,37.5
PATIENT-1003,1790739830.36,68.2,97.4,106.6,74.2,17.6,36.81
PATIENT-1003,1790739832.36,78.7,99.3,120.1,75.4,17.1,36.95
PATIENT-1002,1790739834.36,84.3,99.1,134.7,83.8,18.2,36.76
PATIENT-1003,1790739836.36,168.9,97.7,127.4,72.5,15.4,37.07
PATIENT-1002,1790739838.36,74.8,98.3,138.0,72.8,14.8,37.07
PATIENT-1002,1790739840.36,66.2,96.6,133.7,71.0,14.8,37.31
PATIENT-1002,1790739842.36,77.3,96.9,124.4,80.5,15.6,37.05
PATIENT-1002,1790739844.36,71.7,99.2,121.2,77.7,13.1,36.77
PATIENT-1003,1790739846.36,66.0,98.9,115.4,81.5,16.7,36.5
PATIENT-1005,1790739848.36,72.5,99.1,134.5,71.4,17.6,36.87
PATIENT-1002,1790739850.36,78.3,98.6,120.4,77.5,15.2,37.36
PATIENT-1003,1790739852.36,79.1,97.5,122.4,72.2,12.9,36.97
PATIENT-1003,1790739854.36,71.1,97.8,120.2,77.3,17.6,36.89
PATIENT-1003,1790739856.36,112.7,99.0,121.5,82.0,14.5,39.88
PATIENT-1005,1790739858.36,66.0,98.4,119.0,75.2,17.8,37.01
PATIENT-1002,1790739860.36,79.8,99.0,107.0,71.1,16.0,37.04
PATIENT-1003,1790739862.36,78.4,96.6,132.0,77.2,16.8,36.92
PATIENT-1002,1790739864.36,74.9,97.6,119.5,74.9,19.2,36.9
PATIENT-1005,1790739866.36,64.6,96.4,121.8,73.9,17.4,36.62
PATIENT-1002,1790739868.36,76.1,99.2,117.9,73.6,12.6,36.99
PATIENT-1002,1790739870.36,69.5,98.9,119.5,74.8,17.9,36.92
PATIENT-1004,1790739872.36,83.7,97.8,124.6,87.4,16.9,37.34
PATIENT-1005,1790739874.36,70.5,99.9,113.2,80.4,15.0,37.23
PATIENT-1004,1790739876.36,79.0,97.9,122.0,83.0,14.9,36.86
PATIENT-1005,1790739878.36,84.5,98.0,115.6,84.7,18.7,37.08
PATIENT-1003,1790739880.36,72.9,96.7,123.8,65.0,14.6,36.94
PATIENT-1005,1790739882.36,73.1,98.3,124.4,75.5,14.4,37.17
PATIENT-1003,1790739884.36,84.2,98.6,115.5,84.8,13.9,36.84
PATIENT-1001,1790739886.36,163.3,99.2,117.2,76.7,15.5,37.3
PATIENT-1001,1790739888.36,72.0,97.2,124.4,81.6,18.0,37.29
PATIENT-1004,1790739890.36,65.8,97.2,114.0,73.2,18.8,36.91
PATIENT-1005,1790739892.36,68.2,97.8,133.6,87.8,16.0,36.99
PATIENT-1002,1790739894.36,72.2,97.9,114.5,78.6,17.6,37.19
PATIENT-1003,1790739896.36,87.6,97.8,123.7,75.1,14.2,36.78
PATIENT-1003,1790739898.36,76.0,98.5,133.5,80.9,16.1,37.27
PATIENT-1004,1790739900.36,79.8,98.4,120.6,74.2,17.9,36.93
PATIENT-1005,1790739902.36,77.3,95.8,115.3,84.0,17.2,37.0
PATIENT-1003,1790739904.36,72.6,97.8,119.3,84.6,16.1,36.94
PATIENT-1004,1790739906.36,67.9,97.9,124.1,71.5,12.9,37.14
PATIENT-1003,1790739908.36,78.8,97.1,126.3,77.0,16.0,36.78
PATIENT-1003,1790739910.36,78.3,98.7,113.6,76.1,15.0,36.62
PATIENT-1001,1790739912.36,117.3,98.0,121.3,72.4,15.3,39.2
PATIENT-1002,1790739914.36,67.4,96.6,127.7,74.2,17.7,36.88
PATIENT-1005,1790739916.36,73.1,98.1,129.4,73.6,14.3,36.72
PATIENT-1005,1790739918.36,78.8,99.8,122.9,73.8,19.4,36.68
PATIENT-1004,1790739920.36,85.5,97.1,124.5,72.9,15.9,36.92
PATIENT-1004,1790739922.36,69.3,98.0,107.7,76.1,19.5,37.17
PATIENT-1002,1790739924.36,69.0,97.5,111.8,79.3,14.7,37.2
PATIENT-1005,1790739926.36,76.9,99.1,124.6,72.4,18.4,37.04
PATIENT-1002,1790739928.36,77.4,98.8,123.5,73.3,14.4,36.88
PATIENT-1005,1790739930.36,76.8,98.1,127.7,86.6,18.8,37.12
PATIENT-1001,1790739932.36,66.4,97.1,108.5,86.0,12.8,37.5
PATIENT-1005,1790739934.36,77.5,97.6,111.9,66.5,17.5,37.46
PATIENT-1004,1790739936.36,74.2,98.2,124.7,67.0,19.3,37.5
PATIENT-1003,1790739938.36,77.4,97.9,128.3,76.1,13.2,37.33
PATIENT-1005,1790739940.36,66.2,99.1,130.0,78.9,12.2,36.66
PATIENT-1001,1790739942.36,77.0,98.8,125.5,76.5,13.6,36.87
PATIENT-1004,1790739944.36,79.7,95.6,133.3,72.7,14.0,36.88
PATIENT-1002,1790739946.36,71.5,98.5,117.4,83.9,15.0,36.5
PATIENT-1001,1790739948.36,69.4,99.7,113.7,77.5,19.3,36.82
PATIENT-1005,1790739950.36,70.1,97.4,122.6,77.2,16.1,36.73
PATIENT-1003,1790739952.36,75.2,98.5,124.8,84.7,14.1,37.03
PATIENT-1004,1790739954.36,68.9,97.1,122.7,78.5,16.8,37.47
PATIENT-1003,1790739956.36,121.9,98.8,120.4,81.7,19.1,40.63
PATIENT-1005,1790739958.36,76.1,98.0,117.4,75.0,17.4,36.66
PATIENT-1004,1790739960.36,169.1,99.6,116.5,84.7,19.3,37.35
PATIENT-1003,1790739962.36,74.2,97.7,105.5,76.8,18.1,37.09
PATIENT-1003,1790739964.36,55.0,98.7,117.9,72.6,12.2,37.29
PATIENT-1003,1790739966.36,70.5,99.1,103.6,82.8,13.0,36.87
PATIENT-1002,1790739968.36,78.1,98.6,123.2,82.1,17.6,36.74
PATIENT-1002,1790739970.36,81.9,97.6,129.9,74.8,12.9,37.11
PATIENT-1004,1790739972.36,82.8,98.3,118.1,81.7,16.8,37.2
PATIENT-1002,1790739974.36,73.6,98.4,102.5,80.7,15.9,37.46
PATIENT-1004,1790739976.36,84.1,99.3,130.8,77.7,14.8,37.24
PATIENT-1003,1790739978.36,77.7,98.9,118.7,80.5,16.8,37.14
PATIENT-1001,1790739980.36,74.2,97.9,113.0,76.1,15.3,36.89
PATIENT-1004,1790739982.36,72.0,97.8,124.0,86.5,14.0,37.16
PATIENT-1003,1790739984.36,80.9,97.9,131.4,75.3,16.6,37.13
PATIENT-1004,1790739986.36,72.4,100.0,113.3,72.8,15.4,37.11
PATIENT-1001,1790739988.36,75.0,96.8,112.1,84.5,16.6,37.18
PATIENT-1005,1790739990.36,74.9,98.0,138.0,71.2,14.0,36.5
PATIENT-1005,1790739992.36,79.4,97.3,131.0,74.7,17.0,37.23
PATIENT-1001,1790739994.36,81.1,98.6,104.5,80.3,13.9,37.07
PATIENT-1001,1790739996.36,83.9,100.0,114.7,75.3,17.1,37.13
PATIENT-1001,1790739998.36,73.4,98.0,121.9,74.0,19.6,36.88
PATIENT-1004,1790740000.36,66.8,95.0,136.0,75.8,18.2,37.14
PATIENT-1004,1790740002.36,72.3,97.7,123.8,79.5,14.3,37.09
PATIENT-1003,1790740004.36,79.1,96.6,105.6,77.8,14.9,36.93
PATIENT-1002,1790740006.36,74.4,98.0,127.8,78.1,13.4,37.47
PATIENT-1004,1790740008.36,63.8,98.2,117.1,77.1,14.9,36.8
PATIENT-1005,1790740010.36,76.0,98.9,121.8,83.2,14.5,36.95
PATIENT-1001,1790740012.36,69.9,97.9,128.6,74.4,15.9,37.19
PATIENT-1003,1790740014.36,78.2,99.2,126.0,88.0,16.4,36.83
PATIENT-1005,1790740016.36,74.3,98.0,116.7,72.1,15.2,36.9
PATIENT-1004,1790740018.36,78.3,97.7,125.5,83.9,20.0,36.8
PATIENT-1001,1790740020.36,61.7,99.3,128.3,82.9,15.0,36.99
PATIENT-1002,1790740022.36,75.6,97.0,114.8,73.8,17.4,36.63
PATIENT-1001,1790740024.36,69.5,98.0,135.8,75.2,15.2,36.78
PATIENT-1003,1790740026.36,73.2,98.9,113.0,65.0,13.0,36.81
PATIENT-1005,1790740028.36,75.3,97.1,112.7,84.6,16.4,37.19
PATIENT-1005,1790740030.36,75.9,99.0,117.7,77.1,14.5,36.87
PATIENT-1003,1790740032.36,76.8,97.0,120.0,74.3,13.7,36.8
PATIENT-1004,1790740034.36,72.8,98.1,117.2,73.0,17.0,36.89
PATIENT-1003,1790740036.36,76.2,99.1,138.0,83.4,12.0,36.63
PATIENT-1002,1790740038.36,76.6,99.1,113.6,80.8,16.7,37.2
PATIENT-1005,1790740040.36,74.7,96.6,114.9,76.1,16.9,37.03
PATIENT-1002,1790740042.36,66.8,98.8,120.7,73.3,16.1,36.9
PATIENT-1005,1790740044.36,74.4,97.6,116.5,87.4,15.6,37.5
PATIENT-1003,1790740046.36,76.5,98.1,117.8,70.6,16.7,36.73
PATIENT-1001,1790740048.36,67.1,98.3,113.0,77.7,15.9,37.15
PATIENT-1004,1790740050.36,72.4,99.9,127.2,84.3,16.0,37.5
PATIENT-1004,1790740052.36,67.6,98.0,118.9,76.8,15.4,36.91
PATIENT-1004,1790740054.36,82.5,99.8,120.5,75.5,18.3,37.04
PATIENT-1001,1790740056.36,76.7,98.0,119.1,80.0,15.1,37.15
PATIENT-1001,1790740058.36,69.5,97.8,105.4,84.5,15.9,37.1
PATIENT-1003,1790740060.36,75.8,98.0,110.2,77.4,20.0,36.94
PATIENT-1005,1790740062.36,81.4,96.2,126.0,71.8,14.5,36.98
PATIENT-1001,1790740064.36,74.3,97.8,126.8,88.0,14.0,36.9
PATIENT-1001,1790740066.36,71.3,98.1,115.3,88.0,14.6,36.77
PATIENT-1005,1790740068.36,72.3,96.8,116.1,76.9,14.1,37.49
PATIENT-1003,1790740070.36,80.3,100.0,114.1,75.9,17.4,36.84
PATIENT-1005,1790740072.36,74.7,97.8,115.5,79.8,15.5,37.21
PATIENT-1001,1790740074.36,74.0,98.4,125.2,76.2,15.6,36.78
PATIENT-1001,1790740076.36,76.1,97.6,109.7,81.1,14.5,36.86
PATIENT-1004,1790740078.36,70.6,99.5,128.4,83.0,14.6,37.11
PATIENT-1005,1790740080.36,79.8,96.6,120.4,75.6,13.9,36.82
PATIENT-1003,1790740082.36,64.1,97.2,117.1,73.3,15.9,37.31
PATIENT-1005,1790740084.36,66.1,97.6,115.1,88.0,12.9,36.69
PATIENT-1002,1790740086.36,73.8,97.3,124.7,82.0,14.6,36.73
PATIENT-1002,1790740088.36,74.5,98.5,126.0,69.6,15.4,36.7
PATIENT-1003,1790740090.36,79.8,97.6,117.6,79.7,16.0,37.11
PATIENT-1002,1790740092.36,77.9,98.4,116.3,82.1,15.0,37.16
PATIENT-1001,1790740094.36,74.6,98.7,112.9,82.9,14.9,36.75
PATIENT-1004,1790740096.36,74.5,99.7,112.3,84.8,15.2,37.09
PATIENT-1005,1790740098.36,67.4,98.0,123.1,82.9,17.0,36.81
PATIENT-1004,1790740100.36,71.9,96.8,122.9,75.2,15.6,36.97
PATIENT-1002,1790740102.36,116.4,97.5,119.3,77.8,15.2,40.7
PATIENT-1005,1790740104.36,77.9,96.9,131.5,77.0,15.9,37.39
PATIENT-1002,1790740106.36,76.3,96.4,130.9,82.6,18.3,37.5
PATIENT-1005,1790740108.36,80.4,97.9,117.4,79.9,16.2,37.01
PATIENT-1003,1790740110.36,74.8,99.7,133.4,85.0,18.4,37.5
PATIENT-1002,1790740112.36,78.0,98.2,127.3,73.6,18.5,37.0
PATIENT-1004,1790740114.36,66.0,97.4,118.1,78.1,19.5,36.81
PATIENT-1001,1790740116.36,82.9,97.7,112.3,74.6,18.1,37.02
PATIENT-1003,1790740118.36,69.2,96.6,117.4,79.9,15.5,37.22
PATIENT-1001,1790740120.36,71.1,97.4,118.9,75.5,15.8,36.66
PATIENT-1002,1790740122.36,71.6,98.1,114.3,71.8,18.4,37.17
PATIENT-1003,1790740124.36,61.8,96.9,135.9,81.2,17.1,37.29
PATIENT-1002,1790740126.36,76.8,98.7,122.6,80.4,15.2,37.06
PATIENT-1003,1790740128.36,76.3,98.9,103.1,78.3,14.8,36.66
PATIENT-1003,1790740130.36,79.8,97.0,128.4,83.1,18.2,36.72
PATIENT-1004,1790740132.36,71.3,100.0,117.4,80.6,15.7,36.83
PATIENT-1004,1790740134.36,60.2,98.3,194.1,107.0,17.1,37.14
PATIENT-1004,1790740136.36,76.5,98.4,118.7,75.8,17.0,37.5
PATIENT-1003,1790740138.36,80.6,98.7,115.4,85.8,16.2,37.06
PATIENT-1003,1790740140.36,78.7,98.2,126.9,75.9,20.0,36.5
PATIENT-1004,1790740142.36,85.7,97.4,127.6,80.7,20.0,36.83
PATIENT-1001,1790740144.36,74.7,98.6,136.0,88.0,16.5,36.73
PATIENT-1005,1790740146.36,76.7,95.7,125.1,75.8,19.7,36.94
PATIENT-1004,1790740148.36,69.7,98.6,120.5,83.7,18.4,37.0
PATIENT-1003,1790740150.36,75.4,97.2,129.5,81.5,19.2,37.5
PATIENT-1001,1790740152.36,72.3,98.1,124.5,74.3,13.4,37.19
PATIENT-1004,1790740154.36,76.8,99.4,113.2,80.5,14.4,37.5
PATIENT-1003,1790740156.36,70.1,97.1,125.3,80.7,16.3,37.22
PATIENT-1002,1790740158.36,80.8,99.1,109.5,69.6,15.5,37.09
PATIENT-1005,1790740160.36,68.3,98.0,131.2,71.1,18.2,36.95
PATIENT-1002,1790740162.36,81.0,97.0,114.7,87.0,14.0,36.86
PATIENT-1005,1790740164.36,75.8,97.5,116.0,75.0,14.6,37.17
PATIENT-1002,1790740166.36,63.4,95.2,123.4,81.3,12.0,37.26
PATIENT-1004,1790740168.36,70.8,97.5,126.4,73.3,16.5,36.78
PATIENT-1001,1790740170.36,67.6,99.0,115.6,69.0,16.1,36.82
PATIENT-1001,1790740172.36,70.0,97.2,115.2,77.9,15.6,36.84
PATIENT-1005,1790740174.36,65.9,98.8,121.4,82.0,14.6,36.95
PATIENT-1001,1790740176.36,68.3,97.1,120.6,80.4,17.7,37.02
PATIENT-1003,1790740178.36,63.6,96.9,117.5,77.9,17.6,37.0
PATIENT-1002,1790740180.36,83.8,98.2,126.4,84.2,12.7,37.4
PATIENT-1005,1790740182.36,68.1,96.7,123.2,71.3,15.0,36.84
PATIENT-1003,1790740184.36,86.6,97.3,119.9,85.2,16.4,37.03
PATIENT-1002,1790740186.36,72.8,98.9,110.9,77.5,13.4,37.36
PATIENT-1004,1790740188.36,72.5,97.5,126.9,74.6,18.4,36.75
PATIENT-1002,1790740190.36,81.7,98.1,133.8,85.5,16.9,36.82
PATIENT-1005,1790740192.36,68.4,97.1,117.1,71.6,17.8,37.3
PATIENT-1002,1790740194.36,80.3,99.5,198.5,126.6,13.6,37.23
PATIENT-1005,1790740196.36,76.0,98.9,127.1,74.3,16.3,36.79
PATIENT-1004,1790740198.36,132.0,99.7,67.9,50.8,20.0,36.5
PATIENT-1002,1790740200.36,68.8,97.6,114.0,81.6,17.2,36.98
PATIENT-1005,1790740202.36,79.0,98.6,124.1,81.7,16.1,37.41
PATIENT-1003,1790740204.36,74.7,97.9,123.3,76.2,17.4,37.08
PATIENT-1005,1790740206.36,72.2,95.5,119.5,84.5,17.6,36.66
PATIENT-1004,1790740208.36,71.4,97.5,115.9,82.9,18.3,37.09
PATIENT-1001,1790740210.36,77.5,99.1,133.4,80.5,17.0,37.16
PATIENT-1004,1790740212.36,77.8,98.6,115.4,83.9,16.4,36.99
PATIENT-1005,1790740214.36,81.3,98.3,120.3,75.0,17.8,37.03
PATIENT-1003,1790740216.36,74.7,98.1,115.8,84.0,15.0,37.5
PATIENT-1005,1790740218.36,65.3,98.2,136.5,76.3,17.3,36.66
PATIENT-1001,1790740220.36,71.1,98.7,132.5,78.8,15.2,37.03
PATIENT-1001,1790740222.36,169.8,96.5,121.5,77.9,16.3,37.29
PATIENT-1004,1790740224.36,79.0,98.8,117.6,79.1,18.0,37.15
PATIENT-1004,1790740226.36,78.1,99.3,111.1,81.5,15.6,36.5
PATIENT-1003,1790740228.36,62.1,97.8,131.7,75.7,14.4,36.65
PATIENT-1002,1790740230.36,76.3,97.2,112.5,79.9,19.3,37.06
PATIENT-1003,1790740232.36,70.4,99.1,113.6,85.5,16.2,36.96
PATIENT-1002,1790740234.36,74.3,98.2,135.6,74.7,18.2,37.11
PATIENT-1001,1790740236.36,75.9,98.9,123.4,75.1,19.0,36.99
PATIENT-1005,1790740238.36,74.1,98.5,115.6,84.6,17.1,37.14
PATIENT-1001,1790740240.36,80.2,95.9,127.4,77.6,14.1,37.12
PATIENT-1002,1790740242.36,72.8,98.0,109.9,78.8,18.0,36.86
PATIENT-1001,1790740244.36,77.7,97.6,117.6,82.4,19.8,37.08
PATIENT-1002,1790740246.36,76.5,98.0,124.7,74.8,15.8,36.85
PATIENT-1005,1790740248.36,78.2,97.6,132.9,73.9,14.6,36.94
PATIENT-1002,1790740250.36,73.8,98.6,120.6,70.0,15.6,37.21
PATIENT-1005,1790740252.36,75.0,97.7,114.7,80.8,15.5,37.17
PATIENT-1004,1790740254.36,72.3,98.1,114.3,80.9,19.4,36.78
PATIENT-1004,1790740256.36,79.3,98.6,121.0,84.9,14.8,37.21
PATIENT-1001,1790740258.36,81.2,96.4,103.7,76.8,17.3,36.99
PATIENT-1001,1790740260.36,63.9,98.1,111.9,82.0,17.1,37.39
PATIENT-1005,1790740262.36,82.1,98.2,118.6,78.4,20.0,36.99
PATIENT-1005,1790740264.36,66.7,97.4,134.0,76.5,14.6,36.74
PATIENT-1004,1790740266.36,80.1,97.1,113.7,83.4,14.4,37.04
PATIENT-1002,1790740268.36,78.0,98.2,126.1,75.5,17.3,36.97
PATIENT-1001,1790740270.36,76.1,97.7,133.4,74.4,14.3,37.17
PATIENT-1004,1790740272.36,65.4,96.5,123.3,82.5,17.3,37.33
PATIENT-1004,1790740274.36,76.1,96.9,121.1,78.3,12.5,36.72
PATIENT-1001,1790740276.36,81.7,97.5,133.6,73.4,15.0,36.9
PATIENT-1003,1790740278.36,77.3,96.9,129.7,73.0,13.5,36.81
PATIENT-1005,1790740280.36,74.4,98.0,117.1,81.2,13.8,36.95
PATIENT-1002,1790740282.36,69.2,97.5,121.1,81.2,20.0,36.91
PATIENT-1005,1790740284.36,76.1,97.8,112.1,79.0,16.4,37.05
PATIENT-1004,1790740286.36,74.1,97.7,111.1,80.3,12.8,37.37
PATIENT-1003,1790740288.36,76.8,98.7,118.7,77.1,14.6,37.1
PATIENT-1003,1790740290.36,71.0,99.0,113.0,77.9,17.4,36.5
PATIENT-1005,1790740292.36,74.0,97.5,112.5,81.1,14.3,36.65
PATIENT-1002,1790740294.36,61.2,96.9,127.7,70.0,16.8,37.06
PATIENT-1002,1790740296.36,79.2,95.8,126.9,78.2,16.4,36.86
PATIENT-1001,1790740298.36,67.6,98.2,120.7,80.1,13.8,37.01
PATIENT-1002,1790740300.36,69.2,97.7,110.7,80.4,16.0,36.81
PATIENT-1004,1790740302.36,71.7,97.8,108.3,72.3,16.5,36.97
PATIENT-1001,1790740304.36,71.9,97.2,119.8,79.8,17.2,36.84
PATIENT-1002,1790740306.36,71.7,97.8,119.4,70.5,17.0,36.86
PATIENT-1002,1790740308.36,77.4,97.8,114.3,73.7,17.5,36.55
PATIENT-1004,1790740310.36,74.7,98.8,119.0,75.9,15.4,36.92
PATIENT-1003,1790740312.36,77.4,99.0,114.7,84.6,20.0,36.76
PATIENT-1003,1790740314.36,75.3,98.5,117.3,72.8,18.6,36.7
PATIENT-1005,1790740316.36,77.1,96.7,120.6,79.8,12.0,36.89
PATIENT-1003,1790740318.36,74.4,98.9,120.0,77.5,12.4,37.32
PATIENT-1004,1790740320.36,70.6,98.6,117.1,78.6,13.7,36.79
PATIENT-1001,1790740322.36,71.7,98.1,116.1,79.5,16.0,37.09
PATIENT-1001,1790740324.36,67.8,99.3,107.5,75.3,13.4,37.15
PATIENT-1005,1790740326.36,72.8,97.9,114.8,84.7,15.8,37.25
PATIENT-1001,1790740328.36,63.0,97.2,116.4,79.0,14.9,36.96
PATIENT-1001,1790740330.36,84.3,97.9,112.0,88.0,17.9,36.92
PATIENT-1003,1790740332.36,64.3,98.7,113.8,87.0,14.6,36.7
PATIENT-1003,1790740334.36,83.1,98.2,129.0,78.5,17.8,36.7
PATIENT-1001,1790740336.36,72.3,96.8,116.5,72.4,16.8,37.04
PATIENT-1003,1790740338.36,75.5,97.3,113.8,67.8,16.5,37.11
PATIENT-1003,1790740340.36,78.7,98.4,130.3,77.3,16.3,36.98
PATIENT-1005,1790740342.36,60.5,98.3,120.1,73.5,12.4,37.05
PATIENT-1004,1790740344.36,77.2,97.1,104.2,79.5,16.9,36.82
PATIENT-1004,1790740346.36,72.6,100.0,100.0,73.5,17.2,37.16
PATIENT-1001,1790740348.36,77.4,96.9,119.6,80.1,14.7,37.39
PATIENT-1005,1790740350.36,76.5,96.3,123.1,80.6,16.7,36.92
PATIENT-1003,1790740352.36,72.8,98.1,115.7,81.0,13.0,37.1
PATIENT-1004,1790740354.36,75.1,97.6,109.7,75.0,17.8,37.07
PATIENT-1001,1790740356.36,70.5,100.0,103.5,79.7,14.0,37.01
PATIENT-1002,1790740358.36,78.9,97.0,120.0,73.4,14.5,37.22
PATIENT-1002,1790740360.36,73.1,99.2,115.7,78.5,12.1,37.1
PATIENT-1003,1790740362.36,72.5,98.9,125.5,74.6,13.4,36.78
PATIENT-1005,1790740364.36,78.4,99.2,117.2,75.9,16.8,37.09
PATIENT-1003,1790740366.36,79.3,99.0,108.8,88.0,17.8,36.94
PATIENT-1001,1790740368.36,79.5,97.0,115.7,78.2,13.4,37.02
PATIENT-1001,1790740370.36,74.5,97.4,117.6,80.8,13.9,37.23
PATIENT-1004,1790740372.36,122.7,97.7,115.8,80.0,13.9,39.59
PATIENT-1005,1790740374.36,66.0,98.6,123.2,73.2,13.3,36.77
PATIENT-1004,1790740376.36,72.4,97.9,132.9,78.9,14.0,36.71
PATIENT-1004,1790740378.36,73.7,99.5,127.3,83.9,20.0,36.84
PATIENT-1001,1790740380.36,65.7,98.0,117.7,71.3,16.7,36.79
PATIENT-1002,1790740382.36,71.1,97.3,129.2,79.6,16.6,36.92
PATIENT-1005,1790740384.36,67.7,99.3,105.4,77.4,14.2,36.99
PATIENT-1001,1790740386.36,82.0,98.0,119.6,65.0,17.2,36.83
PATIENT-1004,1790740388.36,65.0,99.3,128.5,82.6,16.6,37.18
PATIENT-1005,1790740390.36,71.9,99.6,120.3,85.5,15.7,36.83
PATIENT-1004,1790740392.36,74.3,97.8,124.8,77.4,16.0,37.03
PATIENT-1005,1790740394.36,83.8,98.8,108.5,80.9,15.0,37.01
PATIENT-1002,1790740396.36,64.1,97.9,115.4,72.9,18.1,37.03
PATIENT-1003,1790740398.36,72.4,100.0,126.5,74.5,16.6,37.03
PATIENT-1001,1790740400.36,75.9,97.1,121.9,78.8,15.4,36.73
PATIENT-1002,1790740402.36,63.3,98.5,122.8,78.9,18.5,36.89
PATIENT-1002,1790740404.36,69.4,83.6,118.2,81.5,30.2,37.01
PATIENT-1004,1790740406.36,81.5,99.2,113.4,88.0,12.0,36.78
PATIENT-1004,1790740408.36,73.7,98.1,119.6,77.5,17.0,37.25
PATIENT-1002,1790740410.36,66.7,96.4,132.1,71.2,14.3,37.19
PATIENT-1001,1790740412.36,84.6,100.0,106.8,75.0,13.4,37.3
PATIENT-1002,1790740414.36,113.7,99.5,125.9,78.9,18.3,39.94
PATIENT-1002,1790740416.36,69.0,97.6,122.5,79.5,19.1,36.89
PATIENT-1003,1790740418.36,81.3,96.7,119.7,78.0,12.0,37.27
PATIENT-1001,1790740420.36,68.8,100.0,115.7,87.2,18.0,36.91
PATIENT-1004,1790740422.36,66.2,98.3,116.2,77.4,19.3,37.05
PATIENT-1001,1790740424.36,78.4,98.3,125.6,78.0,16.4,37.03
PATIENT-1002,1790740426.36,71.1,97.7,124.0,76.8,16.4,37.37
PATIENT-1004,1790740428.36,84.8,98.9,126.2,83.4,14.2,37.2
PATIENT-1001,1790740430.36,74.9,98.2,118.3,86.7,13.6,36.96
PATIENT-1002,1790740432.36,82.6,96.8,118.8,74.9,16.3,37.2
PATIENT-1004,1790740434.36,77.3,98.8,118.1,79.6,14.1,37.24
PATIENT-1005,1790740436.36,63.7,98.8,122.6,86.7,19.2,36.89
PATIENT-1004,1790740438.36,82.4,96.6,118.0,79.6,15.8,36.76
PATIENT-1001,1790740440.36,82.1,97.9,119.9,69.8,17.5,36.88
PATIENT-1002,1790740442.36,78.9,99.5,113.1,85.7,12.0,37.1
PATIENT-1003,1790740444.36,78.2,98.5,117.6,76.3,14.7,37.19
PATIENT-1005,1790740446.36,63.7,96.2,114.2,82.7,17.2,37.11
PATIENT-1005,1790740448.36,74.6,98.4,104.8,82.1,17.7,37.21
PATIENT-1003,1790740450.36,79.3,98.5,118.2,78.3,14.1,36.87
PATIENT-1001,1790740452.36,75.2,98.7,133.3,73.5,17.7,36.66
PATIENT-1004,1790740454.36,67.8,99.3,109.9,76.2,15.2,37.01
PATIENT-1003,1790740456.36,68.4,98.7,117.1,86.0,14.4,37.06
PATIENT-1004,1790740458.36,62.6,97.6,106.5,80.9,15.9,37.47
PATIENT-1004,1790740460.36,83.8,98.0,114.7,73.4,16.7,37.22
PATIENT-1004,1790740462.36,69.2,99.6,118.1,77.1,16.1,36.75
PATIENT-1005,1790740464.36,85.8,98.1,126.5,74.8,18.2,36.86
PATIENT-1004,1790740466.36,77.2,98.6,125.4,80.2,14.2,37.03
PATIENT-1001,1790740468.36,79.1,98.8,112.4,74.0,13.8,37.43
PATIENT-1004,1790740470.36,74.1,96.5,121.2,81.2,15.0,36.8
PATIENT-1005,1790740472.36,70.0,99.3,119.6,81.4,16.9,36.64
PATIENT-1004,1790740474.36,74.0,99.5,122.5,72.5,15.6,36.99
PATIENT-1004,1790740476.36,67.5,99.0,120.6,75.6,12.0,37.49
PATIENT-1004,1790740478.36,75.0,98.4,123.7,81.4,18.2,36.62
PATIENT-1004,1790740480.36,64.5,98.0,111.9,80.7,16.0,36.95
PATIENT-1004,1790740482.36,74.3,97.0,113.3,73.4,14.4,37.21
PATIENT-1002,1790740484.36,71.2,98.7,122.7,74.6,15.7,36.5
PATIENT-1001,1790740486.36,85.1,98.9,121.3,81.9,15.7,36.89
PATIENT-1003,1790740488.36,74.2,96.5,111.5,75.3,17.3,37.3
PATIENT-1002,1790740490.36,73.6,97.0,120.9,79.3,16.0,36.99
PATIENT-1001,1790740492.36,86.9,98.4,123.3,71.7,17.1,37.09
PATIENT-1002,1790740494.36,84.6,97.4,102.5,76.7,16.2,37.26
PATIENT-1003,1790740496.36,72.2,97.8,128.6,79.6,14.8,37.26
PATIENT-1004,1790740498.36,69.2,98.4,118.5,84.2,17.3,36.98
PATIENT-1005,1790740500.36,70.9,99.4,112.6,67.7,17.0,36.79
PATIENT-1004,1790740502.36,74.7,97.5,114.9,80.8,18.6,36.5
PATIENT-1003,1790740504.36,82.2,99.8,112.7,75.6,16.7,36.91
PATIENT-1004,1790740506.36,80.0,96.6,114.6,77.4,16.7,37.12
PATIENT-1003,1790740508.36,80.3,97.7,108.8,76.3,16.1,36.66
PATIENT-1001,1790740510.36,72.5,99.1,110.6,75.8,13.4,37.03
PATIENT-1004,1790740512.36,61.7,99.5,130.1,82.6,17.5,37.12
PATIENT-1003,1790740514.36,77.1,98.0,123.2,76.6,15.9,37.15
PATIENT-1003,1790740516.36,73.2,98.7,109.1,72.8,15.4,36.84
PATIENT-1004,1790740518.36,81.3,96.9,120.9,83.8,16.9,36.81
PATIENT-1002,1790740520.36,82.4,98.0,115.2,82.0,16.2,37.32
PATIENT-1002,1790740522.36,74.9,98.6,103.5,79.7,18.3,36.96
PATIENT-1003,1790740524.36,80.2,97.6,117.9,76.0,13.7,36.99
PATIENT-1002,1790740526.36,70.9,98.4,124.1,67.2,14.1,37.27
PATIENT-1003,1790740528.36,77.2,97.8,124.3,81.9,19.9,37.02
PATIENT-1005,1790740530.36,80.9,100.0,135.2,72.0,15.4,36.99
PATIENT-1001,1790740532.36,72.9,97.0,118.1,65.0,17.5,37.03
PATIENT-1004,1790740534.36,80.9,99.5,123.1,81.6,12.1,36.77
PATIENT-1001,1790740536.36,75.1,99.0,122.7,77.5,13.0,36.63
PATIENT-1002,1790740538.36,77.8,98.9,132.9,71.9,16.9,37.5
PATIENT-1003,1790740540.36,108.4,97.6,125.2,86.0,15.8,40.71
PATIENT-1004,1790740542.36,74.0,97.4,109.8,81.3,16.4,36.94
PATIENT-1002,1790740544.36,68.1,97.1,125.6,71.8,17.4,36.88
PATIENT-1003,1790740546.36,62.6,98.4,122.6,78.4,20.0,37.17
PATIENT-1004,1790740548.36,81.0,95.9,118.4,74.3,14.7,37.01
PATIENT-1001,1790740550.36,76.7,96.2,112.7,72.6,16.4,36.95
PATIENT-1005,1790740552.36,79.0,96.8,133.2,77.0,14.6,37.17
PATIENT-1004,1790740554.36,80.7,98.2,117.2,80.9,16.0,37.08
PATIENT-1002,1790740556.36,75.9,98.8,116.4,81.7,16.9,37.27
PATIENT-1001,1790740558.36,67.6,76.2,115.3,77.4,33.0,36.89
PATIENT-1004,1790740560.36,77.1,98.4,116.8,79.4,17.0,36.96
PATIENT-1003,1790740562.36,74.6,98.7,105.8,80.0,16.0,36.97
PATIENT-1004,1790740564.36,66.8,97.2,134.4,81.7,12.0,36.68
PATIENT-1001,1790740566.36,75.8,97.7,101.8,84.4,16.7,37.04
PATIENT-1004,1790740568.36,88.2,97.6,120.8,77.9,16.8,37.28
PATIENT-1002,1790740570.36,73.1,97.0,117.1,81.6,13.5,36.97
PATIENT-1005,1790740572.36,70.5,78.6,120.0,79.6,32.2,37.33
PATIENT-1005,1790740574.36,74.1,98.3,116.6,79.0,12.7,37.3
PATIENT-1005,1790740576.36,81.7,98.9,122.3,74.2,16.6,36.99
PATIENT-1003,1790740578.36,67.2,97.3,100.0,81.6,16.2,37.01
PATIENT-1003,1790740580.36,80.2,97.3,121.3,83.0,13.6,36.7
PATIENT-1003,1790740582.36,84.1,99.1,123.7,77.1,12.6,37.33
PATIENT-1004,1790740584.36,65.7,98.4,128.1,74.5,14.7,37.21
PATIENT-1003,1790740586.36,164.9,98.8,122.7,75.7,16.8,36.52
PATIENT-1001,1790740588.36,67.6,98.5,129.2,78.8,15.2,36.96
PATIENT-1003,1790740590.36,69.0,99.2,122.7,78.9,16.4,36.92
PATIENT-1001,1790740592.36,76.8,97.8,122.0,67.3,15.0,37.18
PATIENT-1001,1790740594.36,66.5,98.2,122.8,85.1,15.2,36.5
PATIENT-1004,1790740596.36,79.0,98.8,127.6,76.0,17.9,37.09
PATIENT-1004,1790740598.36,81.4,97.8,120.2,78.8,12.0,36.5
PATIENT-1005,1790740600.36,73.4,99.1,118.4,65.0,15.7,37.01
PATIENT-1003,1790740602.36,73.1,98.6,131.8,79.9,15.8,36.84
PATIENT-1005,1790740604.36,76.8,95.9,122.7,78.7,18.5,36.73
PATIENT-1004,1790740606.36,132.9,98.2,74.5,41.7,17.0,36.83
PATIENT-1001,1790740608.36,71.3,100.0,124.3,80.3,13.8,36.97
PATIENT-1004,1790740610.36,79.1,74.8,115.6,82.1,27.4,37.35
PATIENT-1003,1790740612.36,84.7,97.5,102.0,82.2,16.5,37.06
PATIENT-1005,1790740614.36,69.9,98.4,121.8,87.0,15.6,36.65
PATIENT-1004,1790740616.36,75.6,99.9,122.7,70.4,14.9,36.98
PATIENT-1002,1790740618.36,78.8,98.4,114.1,76.3,17.5,36.77
PATIENT-1003,1790740620.36,82.5,98.0,116.9,85.0,15.9,37.21
PATIENT-1003,1790740622.36,72.3,98.9,125.5,82.0,14.4,37.09
PATIENT-1002,1790740624.36,73.5,99.1,125.5,82.2,14.9,37.08
PATIENT-1005,1790740626.36,82.1,74.0,122.7,74.7,26.8,36.85
PATIENT-1003,1790740628.36,70.0,100.0,138.0,79.0,15.2,37.5
PATIENT-1005,1790740630.36,73.6,96.9,118.9,76.1,17.4,37.21
PATIENT-1005,1790740632.36,62.8,98.2,124.2,74.2,17.1,37.2
PATIENT-1002,1790740634.36,75.3,98.7,121.7,82.9,15.0,36.85
PATIENT-1004,1790740636.36,80.1,96.8,116.7,85.8,16.1,36.95
PATIENT-1003,1790740638.36,89.1,100.0,115.3,75.9,20.0,37.32
PATIENT-1005,1790740640.36,77.9,97.9,120.3,79.5,16.7,36.65
PATIENT-1005,1790740642.36,78.0,95.0,125.9,81.1,14.5,37.24
PATIENT-1001,1790740644.36,71.8,97.5,125.9,77.4,15.2,36.76
PATIENT-1004,1790740646.36,73.1,96.9,128.0,76.2,16.2,36.76
PATIENT-1002,1790740648.36,79.8,98.8,118.6,72.6,14.8,36.75
PATIENT-1005,1790740650.36,84.3,96.2,128.4,81.0,15.4,37.26
PATIENT-1003,1790740652.36,72.3,96.7,123.5,74.5,16.2,36.89
PATIENT-1005,1790740654.36,77.9,100.0,117.4,77.9,15.2,36.81
PATIENT-1004,1790740656.36,76.7,98.1,129.6,70.5,13.7,36.79
PATIENT-1005,1790740658.36,79.4,98.5,112.6,76.1,15.1,36.91
PATIENT-1002,1790740660.36,68.1,98.2,109.3,74.7,18.1,36.7
PATIENT-1001,1790740662.36,83.4,98.0,117.6,74.1,16.0,36.77
PATIENT-1003,1790740664.36,83.5,97.8,105.7,80.4,12.3,36.68
PATIENT-1004,1790740666.36,67.9,98.0,125.6,76.9,17.6,36.8
PATIENT-1001,1790740668.36,76.6,99.6,117.8,83.7,15.1,37.26
PATIENT-1001,1790740670.36,72.8,98.8,120.5,84.6,18.0,36.81
PATIENT-1004,1790740672.36,73.4,98.1,131.9,83.8,15.6,36.75
PATIENT-1005,1790740674.36,78.8,99.3,128.4,68.9,14.9,36.9
PATIENT-1002,1790740676.36,70.4,96.9,128.0,77.3,15.8,37.49
PATIENT-1005,1790740678.36,78.3,96.9,135.3,82.7,15.5,37.03
PATIENT-1003,1790740680.36,74.3,97.3,117.2,78.4,16.9,37.14
PATIENT-1005,1790740682.36,72.3,99.4,114.8,72.4,16.9,37.14
PATIENT-1001,1790740684.36,75.3,98.0,104.4,83.1,15.9,36.85
PATIENT-1003,1790740686.36,91.9,98.2,108.4,72.4,15.9,36.89
PATIENT-1002,1790740688.36,65.0,98.3,128.4,76.6,12.5,37.33
PATIENT-1001,1790740690.36,73.0,99.5,109.4,75.2,15.2,37.09
PATIENT-1005,1790740692.36,67.4,97.7,112.5,76.0,19.5,36.74
PATIENT-1004,1790740694.36,71.8,96.8,118.6,80.3,16.0,37.26
PATIENT-1003,1790740696.36,74.6,96.8,126.1,76.4,15.5,37.07
PATIENT-1004,1790740698.36,85.9,97.9,134.6,67.1,15.8,37.28
PATIENT-1005,1790740700.36,81.3,98.9,125.9,79.4,16.9,37.44
PATIENT-1003,1790740702.36,82.4,96.8,125.7,75.0,15.4,36.52
PATIENT-1002,1790740704.36,65.2,98.9,127.0,73.7,13.2,37.04
PATIENT-1002,1790740706.36,64.8,97.3,131.8,82.9,18.5,37.24
PATIENT-1001,1790740708.36,80.5,97.0,113.6,74.9,12.0,36.84
PATIENT-1002,1790740710.36,74.7,97.2,116.6,79.8,13.6,36.99
PATIENT-1004,1790740712.36,72.0,97.8,118.4,82.3,17.7,36.81
PATIENT-1003,1790740714.36,68.5,96.9,133.3,74.9,15.9,36.58
PATIENT-1005,1790740716.36,73.9,97.5,125.6,78.8,13.8,36.91
PATIENT-1001,1790740718.36,76.0,98.9,116.8,85.8,19.6,36.99
PATIENT-1003,1790740720.36,76.8,99.1,109.8,77.1,17.2,37.19
PATIENT-1005,1790740722.36,67.2,98.8,120.1,85.2,15.8,37.32
PATIENT-1001,1790740724.36,72.6,97.5,120.6,69.6,17.7,36.5
PATIENT-1003,1790740726.36,77.2,98.6,127.8,75.0,18.2,36.75
PATIENT-1005,1790740728.36,78.6,98.5,115.9,83.7,14.9,36.97
PATIENT-1004,1790740730.36,85.5,97.8,138.0,75.9,14.1,36.62
PATIENT-1001,1790740732.36,82.6,98.4,112.2,72.2,15.2,36.89
PATIENT-1004,1790740734.36,68.6,97.8,106.4,81.2,14.6,37.5
PATIENT-1001,1790740736.36,68.5,97.4,128.6,86.5,17.5,36.89
PATIENT-1002,1790740738.36,86.1,98.4,117.5,73.4,17.0,37.1
PATIENT-1005,1790740740.36,74.8,97.4,116.2,79.0,14.1,37.41
PATIENT-1001,1790740742.36,80.0,98.2,119.9,74.5,18.3,36.93
PATIENT-1005,1790740744.36,78.1,98.3,122.1,72.6,19.0,37.0
PATIENT-1004,1790740746.36,74.7,98.0,111.6,82.8,18.7,37.22
PATIENT-1005,1790740748.36,76.5,99.0,121.2,78.6,16.2,37.27
PATIENT-1005,1790740750.36,68.4,97.7,111.8,78.1,15.8,37.45
PATIENT-1001,1790740752.36,76.2,98.6,120.2,78.2,15.0,36.9
PATIENT-1004,1790740754.36,74.2,97.3,135.1,88.0,17.6,37.08
PATIENT-1005,1790740756.36,73.3,96.6,134.0,80.2,15.9,37.19
PATIENT-1001,1790740758.36,82.1,99.1,123.7,86.0,17.0,37.07
PATIENT-1002,1790740760.36,78.1,98.7,127.3,72.6,14.2,36.53
PATIENT-1001,1790740762.36,56.9,97.5,124.1,83.6,15.6,37.23
PATIENT-1005,1790740764.36,73.1,99.8,107.0,77.2,15.4,37.17
PATIENT-1001,1790740766.36,68.1,98.7,117.7,83.0,19.6,36.83
PATIENT-1005,1790740768.36,72.5,98.0,107.7,78.4,13.0,37.07
PATIENT-1004,1790740770.36,77.4,97.7,126.8,68.5,16.5,36.71
PATIENT-1002,1790740772.36,78.9,98.2,114.6,80.6,15.7,37.11
PATIENT-1004,1790740774.36,68.7,99.2,115.4,84.6,16.3,36.71
PATIENT-1001,1790740776.36,86.4,98.8,126.9,73.3,17.6,36.6
PATIENT-1003,1790740778.36,77.2,97.8,123.5,65.0,12.3,37.27
PATIENT-1002,1790740780.36,78.5,97.0,114.5,88.0,15.2,36.95
PATIENT-1004,1790740782.36,72.2,98.0,127.0,76.2,12.3,36.98
PATIENT-1005,1790740784.36,68.6,99.8,111.6,88.0,17.2,37.27
PATIENT-1002,1790740786.36,65.4,97.3,111.4,74.1,12.0,37.12
PATIENT-1004,1790740788.36,78.9,98.7,110.7,74.3,14.6,37.35
PATIENT-1005,1790740790.36,74.1,97.3,119.9,84.6,14.5,37.06
PATIENT-1001,1790740792.36,77.6,98.6,120.3,79.4,17.8,37.06
PATIENT-1001,1790740794.36,76.0,96.6,118.4,72.3,14.8,37.08
PATIENT-1001,1790740796.36,81.0,97.5,109.1,79.5,16.8,36.81
PATIENT-1001,1790740798.36,84.3,98.7,115.0,75.4,12.2,36.96
PATIENT-1005,1790740800.36,77.2,98.3,111.0,77.0,16.8,36.78
PATIENT-1004,1790740802.36,81.3,98.0,103.8,82.6,14.8,37.03
PATIENT-1001,1790740804.36,85.0,100.0,127.0,83.7,16.3,37.15
PATIENT-1003,1790740806.36,72.7,97.0,108.2,78.0,15.7,36.67
PATIENT-1002,1790740808.36,71.1,95.8,105.2,80.0,15.1,37.29
PATIENT-1004,1790740810.36,79.0,98.3,117.2,73.6,18.1,36.71
PATIENT-1002,1790740812.36,80.3,96.3,110.8,80.6,16.4,36.77
PATIENT-1005,1790740814.36,88.6,98.0,115.7,81.8,14.5,37.11
PATIENT-1001,1790740816.36,82.9,97.9,126.9,83.4,16.1,36.97
PATIENT-1002,1790740818.36,80.5,97.2,136.5,80.8,13.5,36.89
PATIENT-1005,1790740820.36,86.9,87.1,116.3,75.2,27.1,36.92
PATIENT-1005,1790740822.36,84.3,97.6,110.8,73.9,17.4,37.31
PATIENT-1005,1790740824.36,74.4,97.3,126.2,77.9,16.6,36.69
PATIENT-1004,1790740826.36,78.1,98.7,126.5,74.7,15.0,37.11
PATIENT-1001,1790740828.36,82.1,98.1,118.9,73.6,12.7,37.01
PATIENT-1003,1790740830.36,71.3,96.4,136.4,79.9,12.9,37.5
PATIENT-1003,1790740832.36,73.8,99.6,126.2,78.5,12.0,37.08
PATIENT-1001,1790740834.36,76.8,97.2,103.0,77.9,16.8,37.1
PATIENT-1005,1790740836.36,66.0,98.5,136.2,74.2,16.8,37.46
PATIENT-1001,1790740838.36,67.2,98.0,123.1,85.0,16.4,36.98
PATIENT-1002,1790740840.36,82.9,98.0,114.3,76.6,15.7,37.13
PATIENT-1005,1790740842.36,71.0,99.1,121.9,77.8,13.9,37.48
PATIENT-1002,1790740844.36,80.5,95.8,128.9,75.2,20.0,37.0
PATIENT-1003,1790740846.36,81.7,96.4,105.4,83.9,16.0,37.05
PATIENT-1004,1790740848.36,73.2,98.2,108.5,82.7,15.4,36.9
PATIENT-1003,1790740850.36,72.5,98.3,116.2,73.5,18.0,36.73
PATIENT-1004,1790740852.36,77.8,98.4,137.7,84.1,16.2,36.88
PATIENT-1005,1790740854.36,58.8,97.9,109.0,77.6,18.4,36.82
PATIENT-1003,1790740856.36,72.0,99.8,133.3,80.9,13.5,37.08
PATIENT-1003,1790740858.36,72.1,97.7,124.9,82.6,14.6,36.55
PATIENT-1001,1790740860.36,75.4,97.1,113.9,88.0,18.4,36.98
PATIENT-1003,1790740862.36,73.9,97.3,117.1,72.5,15.1,37.01
PATIENT-1005,1790740864.36,74.8,97.8,126.9,76.8,15.5,36.68
PATIENT-1004,1790740866.36,82.6,97.0,133.5,79.0,13.7,36.9
PATIENT-1004,1790740868.36,72.3,95.9,124.5,71.0,17.9,37.09
PATIENT-1004,1790740870.36,69.4,98.7,134.7,66.9,15.3,37.07
PATIENT-1002,1790740872.36,65.8,97.8,128.9,83.8,17.2,37.07
PATIENT-1004,1790740874.36,66.5,99.3,127.0,83.8,13.8,37.34
PATIENT-1004,1790740876.36,81.3,100.0,130.7,67.4,14.2,36.8
PATIENT-1005,1790740878.36,74.1,97.2,100.1,76.2,16.4,37.29
PATIENT-1001,1790740880.36,159.0,98.3,118.5,81.6,15.0,37.06
PATIENT-1004,1790740882.36,79.5,98.5,119.6,86.1,15.0,37.07
PATIENT-1004,1790740884.36,83.5,98.7,130.2,68.4,15.9,36.87
PATIENT-1004,1790740886.36,81.5,97.4,118.0,83.1,14.4,37.17
PATIENT-1004,1790740888.36,77.8,97.2,133.8,76.0,20.0,37.19
PATIENT-1005,1790740890.36,83.1,99.2,185.2,106.6,13.2,37.23
PATIENT-1001,1790740892.36,74.4,97.1,114.6,78.2,19.3,36.57
PATIENT-1005,1790740894.36,71.1,97.7,111.4,85.5,15.8,37.0
PATIENT-1003,1790740896.36,79.5,97.8,116.8,79.5,16.8,36.83
PATIENT-1002,1790740898.36,74.6,97.7,121.0,75.5,13.8,37.0
PATIENT-1001,1790740900.36,73.8,97.4,119.3,76.9,18.6,37.47
PATIENT-1003,1790740902.36,88.1,98.9,122.6,75.1,17.5,37.36
PATIENT-1004,1790740904.36,82.3,98.7,113.4,71.3,13.6,36.85
PATIENT-1003,1790740906.36,75.3,98.6,108.7,76.3,14.3,36.87
PATIENT-1002,1790740908.36,71.2,98.1,123.5,86.3,15.9,37.5
PATIENT-1001,1790740910.36,114.2,96.2,133.5,78.8,17.9,39.44
PATIENT-1004,1790740912.36,74.4,77.5,104.3,81.8,27.1,36.93
PATIENT-1003,1790740914.36,67.4,97.8,121.8,75.3,17.9,36.57
PATIENT-1003,1790740916.36,77.1,98.0,115.3,70.8,16.2,37.01
PATIENT-1002,1790740918.36,72.9,98.4,124.6,88.0,15.1,37.45
PATIENT-1004,1790740920.36,74.2,98.9,111.5,74.3,17.5,37.18
PATIENT-1003,1790740922.36,81.5,100.0,120.2,75.8,18.3,37.18
PATIENT-1002,1790740924.36,78.5,97.4,111.8,75.2,12.7,36.83
PATIENT-1002,1790740926.36,78.9,99.0,116.6,78.3,16.2,36.77
PATIENT-1005,1790740928.36,77.8,98.0,129.0,75.1,17.8,37.0
PATIENT-1004,1790740930.36,81.8,97.5,116.4,76.7,14.5,37.13
PATIENT-1005,1790740932.36,74.3,99.2,134.0,77.7,19.9,37.09
PATIENT-1002,1790740934.36,83.9,97.8,105.4,79.7,17.3,36.52
PATIENT-1005,1790740936.36,75.6,97.8,100.0,70.2,16.0,36.91
PATIENT-1002,1790740938.36,127.4,98.0,74.0,46.3,17.2,37.32
PATIENT-1005,1790740940.36,83.3,97.9,106.4,75.1,20.0,36.96
PATIENT-1004,1790740942.36,77.4,97.0,112.7,79.5,12.9,36.93
PATIENT-1001,1790740944.36,64.7,97.8,108.2,74.0,14.5,37.35
PATIENT-1001,1790740946.36,64.2,98.1,112.4,70.1,18.1,37.37
PATIENT-1001,1790740948.36,72.8,99.0,112.0,78.5,15.6,37.05
PATIENT-1002,1790740950.36,74.2,97.1,123.5,83.7,18.8,36.98
PATIENT-1001,1790740952.36,69.6,97.3,121.9,72.2,16.6,37.02
PATIENT-1005,1790740954.36,77.5,97.5,127.5,77.7,12.8,37.34
PATIENT-1004,1790740956.36,83.1,97.3,111.6,66.6,15.2,36.83
PATIENT-1005,1790740958.36,76.8,100.0,114.5,78.8,16.4,36.77
PATIENT-1002,1790740960.36,76.2,98.0,111.8,81.5,16.6,36.86
PATIENT-1004,1790740962.36,66.8,97.6,120.1,66.4,17.7,37.38
PATIENT-1001,1790740964.36,68.3,100.0,126.4,83.8,15.4,36.82
PATIENT-1003,1790740966.36,74.8,96.6,122.8,73.1,15.0,36.76
PATIENT-1003,1790740968.36,84.0,98.8,108.5,78.4,16.3,36.96
PATIENT-1001,1790740970.36,74.3,98.4,107.9,74.7,15.0,36.92
PATIENT-1001,1790740972.36,75.0,98.6,128.4,84.6,15.1,36.88
PATIENT-1004,1790740974.36,73.6,97.4,123.8,83.7,15.6,36.5
PATIENT-1004,1790740976.36,80.2,99.2,126.0,81.7,12.9,36.99
PATIENT-1003,1790740978.36,65.2,99.6,122.9,73.0,17.9,37.34
PATIENT-1004,1790740980.36,81.4,98.1,121.8,79.1,15.8,37.43
PATIENT-1004,1790740982.36,79.7,98.1,127.0,83.8,12.6,36.88
PATIENT-1001,1790740984.36,74.9,98.9,124.5,81.3,19.0,36.64
PATIENT-1005,1790740986.36,71.7,99.7,119.2,75.2,15.5,36.99
PATIENT-1003,1790740988.36,107.1,98.0,114.2,73.5,12.0,39.44
PATIENT-1003,1790740990.36,73.1,99.8,118.9,67.4,14.7,36.79
PATIENT-1004,1790740992.36,88.7,97.2,105.4,77.5,13.7,37.25
PATIENT-1001,1790740994.36,82.4,97.2,119.9,77.7,12.1,37.16
PATIENT-1001,1790740996.36,75.4,98.7,126.8,80.9,15.5,37.03
PATIENT-1005,1790740998.36,71.9,98.4,115.9,74.6,14.5,36.97
PATIENT-1001,1790741000.36,65.7,96.7,107.1,73.4,17.2,36.75
PATIENT-1002,1790741002.36,69.1,97.5,124.1,75.5,16.6,36.94
PATIENT-1005,1790741004.36,76.1,98.8,123.0,76.7,12.6,37.2
PATIENT-1001,1790741006.36,63.5,98.0,211.5,122.1,15.0,37.13
PATIENT-1004,1790741008.36,83.8,98.8,125.2,82.7,13.7,36.93
PATIENT-1005,1790741010.36,86.5,99.3,133.8,79.8,16.6,37.03
PATIENT-1003,1790741012.36,76.7,98.4,119.8,82.3,18.0,36.76
